Site/Site AQS/Param/POC,Date (LST),0,1,2,3,4,5,6,7,8,9,10,11,12,13,14,15,16,17,18,19,20,21,22,23,Average,Max
Clinton C403/482011035/PM2.5-88502/3,6/1/2019,5.2,6.2,6.5,6.8,7,9,16.3,15.9,14.1,11.2,8,11.5,7.4,7.8,16.1,11.3,10.4,9,4,6.2,10.6,4.8,5.6,6.5,9.06,16.3
Clinton C403/482011035/PM2.5-88502/3,6/2/2019,6.7,5.6,3.1,3.6,6.3,5.9,10.3,6.8,2.1,0.6,3.6,1.2,4.6,5.6,7.8,4.1,6.3,3.6,6,8.9,7,6.2,5.6,6.7,5.34,10.3
Clinton C403/482011035/PM2.5-88502/3,6/3/2019,4.9,4.8,3.6,6.6,5,7.2,12.9,7.2,7.3,3.7,3.6,9.7,12.3,8,6.4,7.8,4.2,8.6,6.6,9.1,6.6,6.6,5.4,5.5,6.82,12.9
Clinton C403/482011035/PM2.5-88502/3,6/4/2019,6.9,6.9,4,6.9,8.1,10,11.6,13.4,,,,4,5,5.6,5.8,7.3,1.9,1.9,1.3,5,3.8,3.1,2.2,1.1,5.51,13.4
Clinton C403/482011035/PM2.5-88502/3,6/5/2019,1.3,3.1,2.2,3.6,3.6,4,4.5,5.2,4.7,5.1,7,3.6,1.2,3.1,1.9,0.5,1,1.4,3.2,3.2,4.7,4.7,2.4,1.8,3.21,7
Clinton C403/482011035/PM2.5-88502/3,6/6/2019,3.5,3.2,4.9,9.3,5.9,5.7,5.4,8.7,13.2,9.8,9.2,8.5,6.7,4.4,5.7,4.7,6.3,8.6,15.6,9.8,1.5,2.2,4.6,2.8,6.68,15.6
Clinton C403/482011035/PM2.5-88502/3,6/7/2019,2.7,4.2,3.5,4.4,7,10,11.3,16.6,20.9,18.1,17,14.6,11.7,11,9.3,10,7.3,6.3,6.8,8.4,8,9.7,6.1,5.9,9.62,20.9
Clinton C403/482011035/PM2.5-88502/3,6/8/2019,7,8.5,8.9,10.7,10.5,13.9,18.4,10,5.7,7.3,8.7,6,6.1,6,6.2,4.8,5.6,6.9,7.8,8.7,12.2,12.8,13.7,11.5,9.08,18.4
Clinton C403/482011035/PM2.5-88502/3,6/9/2019,10.7,11.4,14.1,15.6,14,15.2,16.8,22.1,21.2,18.8,17.8,17.6,18.9,17.3,20.9,18.8,9.3,11.9,7.5,8.5,14.7,14.8,10.7,6.1,14.78,22.1
Clinton C403/482011035/PM2.5-88502/3,6/10/2019,8.2,11.3,13.2,12.7,13.9,14.5,17,17,15.1,11.9,12.4,10.3,9.8,8.5,7.8,8.9,8.7,10.4,13,12.1,11.3,8.4,8.9,8.2,11.4,17
Clinton C403/482011035/PM2.5-88502/3,6/11/2019,10.8,12,10.1,7.1,7.5,8,6.6,4.3,4.4,6.4,9.5,9.7,8.2,7.4,8.5,7.4,8.6,7.4,6.7,6.4,10.1,9.3,11.9,8,8.18,12
Clinton C403/482011035/PM2.5-88502/3,6/12/2019,9.3,8.1,7.7,8.3,8.6,13.6,12.5,15.9,14.3,18.3,16.7,9.6,3.3,6,6.4,7.7,8.1,7.9,9.9,14,26.2,22.7,20.3,16.1,12.15,26.2
Clinton C403/482011035/PM2.5-88502/3,6/13/2019,14.4,11.5,10.2,11.7,10.9,17,20.6,19.9,17,9.7,6.1,6.5,7.8,9.5,9.2,8.6,7.2,7.8,7.4,8.7,10,17.1,17.9,18.3,11.87,20.6
Clinton C403/482011035/PM2.5-88502/3,6/14/2019,19.2,19.9,19.8,21.9,24.4,24.6,30.6,24,17.3,12.6,14.7,14.1,12.6,13.4,17.4,12,14.1,12,11.7,8.8,10.7,10.8,10.4,11.6,16.19,30.6
Clinton C403/482011035/PM2.5-88502/3,6/15/2019,12.3,11.6,16.4,24.6,9.9,9.8,11.9,11.3,8.1,8.6,6.7,11.9,10,6.8,13.2,11.4,13.8,11.4,14.9,16.2,23.3,15.4,14.7,11.4,12.73,24.6
Clinton C403/482011035/PM2.5-88502/3,6/16/2019,13.9,16.9,13.3,11.7,15.8,22.5,13.7,21.8,18.8,22.3,17.3,29.3,13.8,18.6,10,13.1,16.7,15.2,17.8,0.5,4.6,6,3.3,0.9,14.08,29.3
Clinton C403/482011035/PM2.5-88502/3,6/17/2019,0.8,0.7,3.4,2.1,8.2,2.3,4.9,7.2,10.8,8.2,9.2,5.9,6.3,6.4,10.1,11.6,11.3,17.9,18.5,16.4,8,8.3,6.1,7.3,8,18.5
Clinton C403/482011035/PM2.5-88502/3,6/18/2019,5.6,20.4,5.3,8.7,11.9,10.5,16.8,14.3,12.3,12.8,12.4,7.4,4.9,8.1,10.3,12.6,10.3,12.1,9.7,8.9,14.9,8,4.5,3.8,10.27,20.4
Clinton C403/482011035/PM2.5-88502/3,6/19/2019,6,2.5,4.2,8.6,6.5,13.3,18.6,21.8,17.3,17.6,13.6,13.5,15,14,17.4,14.8,12.5,7.2,8.9,7.7,7.1,10,11.3,13.4,11.78,21.8
Clinton C403/482011035/PM2.5-88502/3,6/20/2019,18.1,10.9,17.9,15.8,16.5,16.9,22.5,16.2,15.3,12.7,14.5,14.2,13.1,16.4,17.3,15.3,16.8,22.7,26.1,22.4,17.2,15,12.9,11.6,16.6,26.1
Clinton C403/482011035/PM2.5-88502/3,6/21/2019,12.7,14.2,16.9,18.3,20.8,20.4,21.2,20.5,16.3,18.4,16.5,22.9,20.1,20.6,18.7,17,16.9,19.7,19.8,22.5,23.3,21.7,20.4,19.2,19.12,23.3
Clinton C403/482011035/PM2.5-88502/3,6/22/2019,16.5,15.3,13.8,12,14.6,16.5,19.9,18.2,19.7,20.5,19.2,20.2,18.4,20.3,17.5,23.8,20.4,19,19.8,18.6,16.3,15.4,14.8,11.9,17.61,23.8
Clinton C403/482011035/PM2.5-88502/3,6/23/2019,11.8,11.5,12,14.7,15.9,13.9,15.9,17.7,15.9,13.5,19.7,13.5,9,13.9,13.7,21.6,19,15.8,18.5,22.1,22.4,22.2,22.1,24,16.68,24
Clinton C403/482011035/PM2.5-88502/3,6/24/2019,24.9,23.8,21.1,21.3,15.5,1.3,1.8,1.6,2.9,1.5,6.1,2.9,8.7,7.6,9.1,9.9,7.9,8.6,7.3,8.6,7.1,15.3,17.7,13.6,10.25,24.9
Clinton C403/482011035/PM2.5-88502/3,6/25/2019,12,13,16.4,16.8,18,9,12.3,8.3,13.5,13.1,11.7,20.7,16.7,11.4,12.5,12.1,9.8,7.9,8.5,11.1,14,11,10,11.5,12.55,20.7
Clinton C403/482011035/PM2.5-88502/3,6/26/2019,11.3,12.7,11.6,13.2,17.8,18.4,17.8,20.6,22.2,22.9,24.7,21.9,19.1,23.2,16.2,20.2,15.5,16.4,13.2,16.2,17.2,17.8,16.3,15.2,17.57,24.7
Clinton C403/482011035/PM2.5-88502/3,6/27/2019,14,14.9,15.9,15.4,16.9,15.2,16.8,16,15.1,21.9,19.2,8.9,19.3,17.8,20.3,25.1,18.8,23.7,19.4,15.3,15.6,21.5,17.6,18.7,17.64,25.1
Clinton C403/482011035/PM2.5-88502/3,6/28/2019,17.2,14.2,13.9,12.7,11.3,15.1,19.6,26.8,23.9,24,23.5,21.5,18.3,23.9,30.9,15.6,18.8,14.1,19.7,27.3,22.2,24.4,20.9,21.8,20.07,30.9
Clinton C403/482011035/PM2.5-88502/3,6/29/2019,21.7,18.8,20.7,19.5,16.7,20.2,29.8,28.5,25.5,18.6,19.8,16.7,20.5,12.4,4,6.1,9.4,13.5,16.5,10.3,12.2,16.3,15.1,10.2,16.79,29.8
Clinton C403/482011035/PM2.5-88502/3,6/30/2019,15.3,8.5,5.3,5.9,7.6,7,8.4,5.6,5.4,6.3,5.1,9.4,15.5,10,11.5,18.2,11.9,13.3,24.4,16.5,15.4,14.4,15.2,13.7,11.24,24.4
Galveston Airpo/481671034/PM2.5-88101/2,6/1/2019,6.5,6.2,10,9.5,7.5,5.5,5.2,10.2,12,6.2,8.5,12,8.7,7.7,8.2,11.5,9.5,7,3.5,2.2,3.7,5.5,4,4,7.28,12
Galveston Airpo/481671034/PM2.5-88101/2,6/2/2019,4,3.2,1.7,4.2,3.7,1,5,7.7,7.5,9,7.5,3.2,4.2,4.7,3.7,3,2.7,2.2,2.5,1.2,2,2.5,3.5,2.2,3.84,9
Galveston Airpo/481671034/PM2.5-88101/2,6/3/2019,3,3.2,3.5,2,2,2.7,5.7,8.5,9.5,7.2,5.5,6.5,5.2,5.7,5.5,7,6.5,4.5,2.5,0.5,0.2,4.7,6.5,4.2,4.68,9.5
Galveston Airpo/481671034/PM2.5-88101/2,6/4/2019,2.7,5,4.7,5,6.5,2.5,4.7,7,6.7,6.7,,,3,6,5,-2,8,2,2,3,4,3,5,2,4.2,8
Galveston Airpo/481671034/PM2.5-88101/2,6/5/2019,3,4,6,2,4,1,6,4,3,7,4,6,5,7,5,4,9,5,2,2,4,5,4,-3,4.13,9
Galveston Airpo/481671034/PM2.5-88101/2,6/6/2019,4,4,0,3,4,5,8,4,7,3,7,9,5,5,6,7,12,16,7,0,4,6,4,6,5.67,16
Galveston Airpo/481671034/PM2.5-88101/2,6/7/2019,1,3,2,5,6,4,6,11,8,11,11,9,10,9,13,18,17,20,15,15,7,6,6,2,8.96,20
Galveston Airpo/481671034/PM2.5-88101/2,6/8/2019,5,7,3,5,6,4,8,9,9,11,6,7,6,7,7,13,10,9,6,4,3,7,7,9,7,13
Galveston Airpo/481671034/PM2.5-88101/2,6/9/2019,7,3,7,3,7,6,8,9,11,11,9,11,11,9,12,9,11,10,11,9,13,12,8,11,9.08,13
Galveston Airpo/481671034/PM2.5-88101/2,6/10/2019,8,12,7,12,16,13,17,13,15,17,12,12,9,11,13,11,8,10,8,5,6,12,11,14,11.33,17
Galveston Airpo/481671034/PM2.5-88101/2,6/11/2019,14,15,11,15,13,12,10,12,6,11,7,10,9,7,11,11,7,4,9,9,6,4,11,11,9.79,15
Galveston Airpo/481671034/PM2.5-88101/2,6/12/2019,14,10,7,9,9,10,8,9,8,12,14,10,11,14,10,10,7,11,9,9,8,8,8,9,9.75,14
Galveston Airpo/481671034/PM2.5-88101/2,6/13/2019,11,8,9,8,8,7,4,6,18,19,11,8,12,10,12,16,11,10,11,8,13,16,19,16,11.29,19
Galveston Airpo/481671034/PM2.5-88101/2,6/14/2019,15,14,13,12,10,7,11,10,11,11,13,13,9,9,11,9,4,7,6,6,4,9,10,6,9.58,15
Galveston Airpo/481671034/PM2.5-88101/2,6/15/2019,7,6,6,5,9,9,5,9,11,16,17,16,13,13,14,17,15,13,14,10,17,16,11,10,11.63,17
Galveston Airpo/481671034/PM2.5-88101/2,6/16/2019,19,18,15,16,19,18,21,19,17,21,17,18,19,14,14,13,14,11,12,10,12,2,5,10,14.75,21
Galveston Airpo/481671034/PM2.5-88101/2,6/17/2019,-1,0,-1,1,8,6,4,3,2,1,6,7,9,6,3,6,4,4,2,0,5,3,5,1,3.5,9
Galveston Airpo/481671034/PM2.5-88101/2,6/18/2019,3,3,2,5,5,4,6,9,7,7,4,4,3,4,5,5,5,5,2,0,4,4,1,3,4.17,9
Galveston Airpo/481671034/PM2.5-88101/2,6/19/2019,4,5,5,4,7,9,8,13,14,13,13,9,11,9,10,3,7,4,7,6,10,10,12,11,8.5,14
Galveston Airpo/481671034/PM2.5-88101/2,6/20/2019,13,11,10,12,8,8,8,12,14,9,13,16,13,16,28,22,20,18,14,14,16,11,13,15,13.92,28
Galveston Airpo/481671034/PM2.5-88101/2,6/21/2019,13,15,14,13,18,14,15,21,23,24,22,23,19,18,18,21,23,21,22,25,18,14,18,19,18.79,25
Galveston Airpo/481671034/PM2.5-88101/2,6/22/2019,19,17,19,21,14,20,20,21,22,18,23,23,25,22,22,23,23,20,16,16,16,17,18,17,19.67,25
Galveston Airpo/481671034/PM2.5-88101/2,6/23/2019,17,16,18,19,21,20,19,20,16,19,16,17,24,21,21,21,23,23,22,19,23,20,26,25,20.25,26
Galveston Airpo/481671034/PM2.5-88101/2,6/24/2019,26,26,27,26,25,28,-2,2,6,4,7,7,5,8,6,13,14,19,12,13,11,14,18,20,13.96,28
Galveston Airpo/481671034/PM2.5-88101/2,6/25/2019,12,15,16,14,18,26,25,,23,-4,20,14,,,11,5,10,8,11,13,6,9,15,16,13.48,26
Galveston Airpo/481671034/PM2.5-88101/2,6/26/2019,12,15,14,15,16,16,18,17,19,22,21,27,16,11,20,20,13,13,15,15,14,12,15,15,16.29,27
Galveston Airpo/481671034/PM2.5-88101/2,6/27/2019,17,12,14,15,16,19,15,21,17,17,16,15,16,13,15,12,18,16,15,17,21,21,26,20,16.83,26
Galveston Airpo/481671034/PM2.5-88101/2,6/28/2019,23,25,24,26,21,19,23,19,25,24,23,21,20,20,15,5,12,10,19,15,15,15,22,17,19.08,26
Galveston Airpo/481671034/PM2.5-88101/2,6/29/2019,17,15,16,14,16,14,18,13,18,17,13,20,13,9,9,6,5,10,10,7,7,9,9,9,12.25,20
Galveston Airpo/481671034/PM2.5-88101/2,6/30/2019,10,10,6,14,9,12,10,10,8,9,13,16,10,13,15,14,14,14,13,13,13,12,13,10,11.71,16
Hamshire C64/482450022/PM2.5-88101/2,6/1/2019,7,9,5,7,9,6,6,8,9,8,14,10,13,7,13,7,7,11,10,7,5,9,10,12,8.71,14
Hamshire C64/482450022/PM2.5-88101/2,6/2/2019,14,14,10,7,7,11,4,7,8,11,9,11,15,17,7,7,11,6,10,13,4,7,11,12,9.71,17
Hamshire C64/482450022/PM2.5-88101/2,6/3/2019,11,16,13,10,9,9,14,,,,11,6,24,6,10,8,8,9,13,10,11,10,6,10,10.67,24
Hamshire C64/482450022/PM2.5-88101/2,6/4/2019,8,8,9,6,7,1,1,6,7,7,7,6,2,3,6,5,4,-1,2,3,2,2,0,1,4.25,9
Hamshire C64/482450022/PM2.5-88101/2,6/5/2019,3,4,0,3,1,4,0,3,2,1,6,3,5,3,-2,5,4,3,3,1,-1,7,4,1,2.63,7
Hamshire C64/482450022/PM2.5-88101/2,6/6/2019,0,2,2,1,0,1,1,-1,3,8,7,1,5,3,5,14,1,11,7,12,9,8,6,4,4.58,14
Hamshire C64/482450022/PM2.5-88101/2,6/7/2019,2,4,2,7,3,1,0,5,7,8,11,14,10,12,12,13,7,13,8,7,4,4,9,6,7.04,14
Hamshire C64/482450022/PM2.5-88101/2,6/8/2019,7,6,4,7,5,2,6,5,4,10,10,5,18,4,3,1,5,9,5,18,17,8,8,14,7.54,18
Hamshire C64/482450022/PM2.5-88101/2,6/9/2019,12,17,13,16,15,14,16,13,13,23,13,13,14,8,9,15,10,7,10,10,16,9,14,12,13,23
Hamshire C64/482450022/PM2.5-88101/2,6/10/2019,14,17,16,16,17,14,19,15,19,19,16,14,9,13,7,11,15,8,12,26,18,15,16,17,15.13,26
Hamshire C64/482450022/PM2.5-88101/2,6/11/2019,18,11,13,11,6,9,5,7,6,8,7,9,7,10,5,10,14,4,10,12,13,12,11,13,9.63,18
Hamshire C64/482450022/PM2.5-88101/2,6/12/2019,13,11,12,13,12,16,10,8,7,17,13,10,10,10,12,7,9,9,11,9,11,14,14,14,11.33,17
Hamshire C64/482450022/PM2.5-88101/2,6/13/2019,10,12,15,11,12,6,10,14,14,15,13,13,13,9,8,14,4,16,21,17,18,20,18,20,13.46,21
Hamshire C64/482450022/PM2.5-88101/2,6/14/2019,23,20,18,18,17,16,16,13,13,12,13,13,9,13,7,9,12,6,8,6,5,5,8,16,12.33,23
Hamshire C64/482450022/PM2.5-88101/2,6/15/2019,9,9,6,5,5,7,5,10,10,5,11,15,17,13,14,15,13,14,16,13,13,13,12,14,11,17
Hamshire C64/482450022/PM2.5-88101/2,6/16/2019,14,16,16,13,16,17,18,15,16,21,17,17,14,15,13,15,13,12,2,2,1,-1,2,4,12,21
Hamshire C64/482450022/PM2.5-88101/2,6/17/2019,-3,5,0,3,7,4,0,1,0,3,1,2,1,3,2,1,5,1,7,2,6,4,3,4,2.58,7
Hamshire C64/482450022/PM2.5-88101/2,6/18/2019,5,3,4,3,5,2,6,5,6,2,10,4,10,8,15,11,5,7,9,4,4,6,3,4,5.88,15
Hamshire C64/482450022/PM2.5-88101/2,6/19/2019,1,2,2,3,4,-3,3,6,2,11,13,12,11,9,12,13,10,8,6,5,8,8,8,11,6.88,13
Hamshire C64/482450022/PM2.5-88101/2,6/20/2019,12,15,3,6,12,8,6,12,,12,12,8,15,14,16,14,22,26,21,19,16,13,18,12,13.57,26
Hamshire C64/482450022/PM2.5-88101/2,6/21/2019,12,9,11,11,15,14,13,17,18,22,22,20,18,16,21,37,27,20,18,20,21,20,18,15,18.13,37
Hamshire C64/482450022/PM2.5-88101/2,6/22/2019,15,15,15,16,17,21,16,19,22,22,16,18,20,21,20,24,24,21,22,19,20,16,17,20,19,24
Hamshire C64/482450022/PM2.5-88101/2,6/23/2019,15,18,20,22,22,22,18,19,17,17,14,13,18,17,21,19,21,25,21,22,24,22,21,24,19.67,25
Hamshire C64/482450022/PM2.5-88101/2,6/24/2019,21,21,21,24,11,-2,5,7,7,2,5,2,3,8,4,7,7,7,10,11,4,6,8,6,8.54,24
Hamshire C64/482450022/PM2.5-88101/2,6/25/2019,7,7,6,8,7,15,20,13,3,4,3,5,7,9,9,7,13,11,11,8,12,14,14,14,9.46,20
Hamshire C64/482450022/PM2.5-88101/2,6/26/2019,11,11,10,9,9,11,11,14,16,21,19,20,14,16,13,15,16,11,27,17,14,10,12,13,14.17,27
Hamshire C64/482450022/PM2.5-88101/2,6/27/2019,10,12,9,13,14,7,11,19,12,17,13,19,15,18,13,14,15,9,12,13,14,14,15,14,13.42,19
Hamshire C64/482450022/PM2.5-88101/2,6/28/2019,18,10,13,13,12,10,9,23,28,25,27,22,23,27,20,17,22,24,12,20,17,14,13,12,17.96,28
Hamshire C64/482450022/PM2.5-88101/2,6/29/2019,13,7,6,6,7,6,4,25,11,14,13,5,18,0,2,4,9,5,10,11,5,8,10,8,8.63,25
Hamshire C64/482450022/PM2.5-88101/2,6/30/2019,8,5,6,7,14,7,4,13,11,11,10,8,20,19,-3,14,11,9,10,13,7,8,9,8,9.54,20
Houston Aldine /482010024/PM2.5-88101/4,6/1/2019,5,5,13,10,8,4,5,5,12,10,5,7,9,10,18,23,18,12,15,14,11,13,4,5,10.04,23
Houston Aldine /482010024/PM2.5-88101/4,6/2/2019,4,7,7,4,5,2,3,5,6,8,9,8,8,8,6,8,8,7,5,6,5,10,8,8,6.46,10
Houston Aldine /482010024/PM2.5-88101/4,6/3/2019,3,5,9,7,3,6,8,8,4,7,11,12,12,11,13,9,7,8,11,8,9,3,4,4,7.58,13
Houston Aldine /482010024/PM2.5-88101/4,6/4/2019,6,11,11,12,9,12,5,5,6,9,,5,10,5,9,14,1,4,2,-1,2,8,4,4,6.65,14
Houston Aldine /482010024/PM2.5-88101/4,6/5/2019,11,4,2,4,2,4,2,2,2,1,1,4,0,-1,0,2,1,1,3,2,1,2,2,3,2.29,11
Houston Aldine /482010024/PM2.5-88101/4,6/6/2019,1,2,4,3,3,3,4,6,4,6,6,5,5,2,-2,4,7,3,6,10,6,1,3,3,3.96,10
Houston Aldine /482010024/PM2.5-88101/4,6/7/2019,3,3,1,3,4,3,3,10,12,11,11,7,9,7,7,7,5,5,7,6,5,4,8,5,6.08,12
Houston Aldine /482010024/PM2.5-88101/4,6/8/2019,8,9,13,9,8,8,8,10,4,3,6,7,3,4,5,4,8,2,8,7,9,11,13,11,7.42,13
Houston Aldine /482010024/PM2.5-88101/4,6/9/2019,14,11,11,12,15,14,8,10,14,12,9,18,11,12,12,13,9,8,9,12,12,11,12,16,11.88,18
Houston Aldine /482010024/PM2.5-88101/4,6/10/2019,13,13,11,15,13,13,12,13,11,13,10,8,6,9,7,9,10,7,11,9,10,11,9,9,10.5,15
Houston Aldine /482010024/PM2.5-88101/4,6/11/2019,11,11,12,11,7,7,8,7,6,7,6,9,5,3,6,9,7,5,3,7,9,10,11,8,7.71,12
Houston Aldine /482010024/PM2.5-88101/4,6/12/2019,8,9,5,6,12,12,11,14,11,13,10,12,7,,16,-1,9,8,9,19,17,17,21,21,11.57,21
Houston Aldine /482010024/PM2.5-88101/4,6/13/2019,20,17,22,22,15,24,11,16,15,15,8,11,8,6,7,7,8,11,6,9,8,11,10,15,12.58,24
Houston Aldine /482010024/PM2.5-88101/4,6/14/2019,18,16,17,19,21,22,23,19,15,17,10,17,13,12,12,10,15,10,13,8,7,6,9,9,14.08,23
Houston Aldine /482010024/PM2.5-88101/4,6/15/2019,8,6,6,7,9,6,7,7,9,2,6,10,8,14,5,13,10,14,11,12,9,11,10,11,8.79,14
Houston Aldine /482010024/PM2.5-88101/4,6/16/2019,10,9,12,10,13,12,13,10,19,17,17,28,3,13,10,8,7,13,14,1,2,4,-4,0,10.04,28
Houston Aldine /482010024/PM2.5-88101/4,6/17/2019,2,1,-1,2,3,4,3,3,5,6,10,-2,3,2,6,9,6,12,11,10,11,16,9,5,5.67,16
Houston Aldine /482010024/PM2.5-88101/4,6/18/2019,7,8,6,4,6,4,7,5,5,4,4,7,4,6,9,7,5,8,4,17,13,13,5,5,6.79,17
Houston Aldine /482010024/PM2.5-88101/4,6/19/2019,3,4,0,2,7,4,12,12,10,13,13,19,12,9,12,10,9,6,6,6,3,4,9,12,8.21,19
Houston Aldine /482010024/PM2.5-88101/4,6/20/2019,9,11,10,13,18,10,14,15,9,6,9,7,6,10,11,13,13,13,21,26,19,14,12,10,12.46,26
Houston Aldine /482010024/PM2.5-88101/4,6/21/2019,10,11,11,13,12,11,14,14,14,11,13,15,15,15,15,17,13,16,18,19,22,20,19,17,14.79,22
Houston Aldine /482010024/PM2.5-88101/4,6/22/2019,17,14,14,14,16,12,16,17,21,17,19,14,22,19,12,21,22,21,24,20,17,18,12,12,17.13,24
Houston Aldine /482010024/PM2.5-88101/4,6/23/2019,13,11,13,13,13,10,10,15,15,15,12,-1,14,5,17,12,16,15,17,18,17,17,22,25,13.92,25
Houston Aldine /482010024/PM2.5-88101/4,6/24/2019,25,22,24,18,10,-1,1,6,3,0,1,6,4,7,5,6,6,6,6,8,10,12,16,8,8.71,25
Houston Aldine /482010024/PM2.5-88101/4,6/25/2019,14,14,15,10,13,13,8,9,10,5,11,19,14,7,12,8,8,9,14,11,8,9,8,6,10.63,19
Houston Aldine /482010024/PM2.5-88101/4,6/26/2019,11,8,11,12,10,9,16,13,13,15,22,24,14,12,22,23,17,15,18,13,14,16,14,16,14.92,24
Houston Aldine /482010024/PM2.5-88101/4,6/27/2019,11,11,13,12,14,14,12,22,19,19,23,17,13,-1,7,4,13,11,12,11,11,15,11,15,12.88,23
Houston Aldine /482010024/PM2.5-88101/4,6/28/2019,14,17,12,8,11,12,11,13,22,24,,,26,26,30,35,3,12,24,21,21,20,23,24,18.59,35
Houston Aldine /482010024/PM2.5-88101/4,6/29/2019,21,19,20,18,16,16,18,17,28,16,16,18,,,17,11,12,16,10,7,8,12,14,14,15.64,28
Houston Aldine /482010024/PM2.5-88101/4,6/30/2019,11,9,11,10,5,6,10,5,5,2,4,9,13,9,14,11,14,17,17,14,12,17,17,11,10.54,17
Houston East C1/482011034/PM2.5-88101/1,6/1/2019,6,7,8,9,11,7,8,8,14,8,12,16,17,10,18,8,11,14,10,7,6,6,1,4,9.42,18
Houston East C1/482011034/PM2.5-88101/1,6/2/2019,4,2,5,4,7,4,5,5,9,7,6,8,4,4,5,8,7,4,8,2,3,5,2,0,4.92,9
Houston East C1/482011034/PM2.5-88101/1,6/3/2019,7,3,2,4,3,6,12,9,11,10,12,22,9,11,8,12,3,7,8,4,2,5,0,4,7.25,22
Houston East C1/482011034/PM2.5-88101/1,6/4/2019,2,6,3,3,2,5,1,6,7,9,5,9,4,7,11,12,0,4,-2,0,4,5,0,2,4.38,12
Houston East C1/482011034/PM2.5-88101/1,6/5/2019,3,4,3,8,1,2,6,6,5,8,7,2,5,4,3,4,5,0,1,3,-1,2,2,1,3.5,8
Houston East C1/482011034/PM2.5-88101/1,6/6/2019,2,4,4,2,3,3,1,4,6,9,10,8,4,2,6,8,11,12,9,8,-1,5,4,3,5.29,12
Houston East C1/482011034/PM2.5-88101/1,6/7/2019,5,7,5,3,4,6,6,11,12,13,16,14,9,7,8,9,7,5,9,5,4,5,6,5,7.54,16
Houston East C1/482011034/PM2.5-88101/1,6/8/2019,9,11,11,9,9,12,12,13,10,2,6,8,7,4,7,5,5,7,11,5,9,13,10,12,8.63,13
Houston East C1/482011034/PM2.5-88101/1,6/9/2019,6,9,11,11,16,12,15,17,21,17,19,20,22,20,17,15,10,8,9,7,11,8,12,14,13.63,22
Houston East C1/482011034/PM2.5-88101/1,6/10/2019,12,11,10,13,14,13,12,18,14,11,11,15,10,11,14,10,13,12,8,12,12,10,10,13,12.04,18
Houston East C1/482011034/PM2.5-88101/1,6/11/2019,11,11,11,10,13,8,3,11,6,8,9,21,12,5,9,8,8,8,7,7,6,10,8,7,9.04,21
Houston East C1/482011034/PM2.5-88101/1,6/12/2019,13,9,7,9,11,11,19,18,14,17,13,13,9,8,2,6,9,8,10,10,10,11,14,14,11.04,19
Houston East C1/482011034/PM2.5-88101/1,6/13/2019,12,11,8,10,10,16,20,18,18,12,9,8,9,8,9,14,9,9,7,6,11,12,11,16,11.38,20
Houston East C1/482011034/PM2.5-88101/1,6/14/2019,16,15,14,18,19,17,14,13,11,12,12,12,11,13,10,9,9,11,7,6,8,7,7,8,11.63,19
Houston East C1/482011034/PM2.5-88101/1,6/15/2019,8,7,8,7,5,3,5,8,7,3,9,13,9,10,10,13,12,11,13,11,9,12,13,13,9.13,13
Houston East C1/482011034/PM2.5-88101/1,6/16/2019,10,8,12,13,12,13,11,14,15,18,13,8,15,19,11,14,15,14,15,0,1,7,6,-3,10.88,19
Houston East C1/482011034/PM2.5-88101/1,6/17/2019,4,2,-3,3,3,5,1,2,5,6,4,5,8,10,8,11,14,14,14,12,6,4,1,2,5.88,14
Houston East C1/482011034/PM2.5-88101/1,6/18/2019,4,4,6,8,4,4,10,9,5,9,10,10,5,-1,12,7,6,6,10,12,5,0,4,1,6.25,12
Houston East C1/482011034/PM2.5-88101/1,6/19/2019,3,4,5,2,3,6,6,13,14,13,13,13,9,10,12,10,8,6,10,4,3,5,9,12,8.04,14
Houston East C1/482011034/PM2.5-88101/1,6/20/2019,12,12,15,9,12,13,14,13,10,9,9,11,9,12,11,10,16,18,27,19,14,11,10,12,12.83,27
Houston East C1/482011034/PM2.5-88101/1,6/21/2019,10,10,11,14,12,13,13,12,14,13,12,18,14,20,15,13,19,20,16,17,16,17,19,18,14.83,20
Houston East C1/482011034/PM2.5-88101/1,6/22/2019,12,14,13,12,11,16,15,17,13,15,11,16,17,19,11,22,17,19,16,17,14,14,11,15,14.88,22
Houston East C1/482011034/PM2.5-88101/1,6/23/2019,11,11,12,12,17,9,11,17,15,15,19,16,13,12,13,18,14,13,20,18,18,18,18,20,15,20
Houston East C1/482011034/PM2.5-88101/1,6/24/2019,22,24,20,21,17,-2,0,3,7,6,5,6,5,6,7,7,10,9,9,8,9,11,10,14,9.75,24
Houston East C1/482011034/PM2.5-88101/1,6/25/2019,10,13,13,19,21,12,11,6,14,10,10,15,13,6,13,6,9,6,11,12,7,11,11,10,11.21,21
Houston East C1/482011034/PM2.5-88101/1,6/26/2019,12,11,9,14,15,11,11,19,17,20,19,20,24,16,24,17,15,15,17,15,11,12,15,16,15.63,24
Houston East C1/482011034/PM2.5-88101/1,6/27/2019,11,11,13,15,11,13,14,15,16,17,14,12,17,12,6,12,15,16,12,14,10,18,13,13,13.33,18
Houston East C1/482011034/PM2.5-88101/1,6/28/2019,13,12,12,12,14,10,15,16,24,25,30,28,23,31,27,18,21,13,19,20,21,24,18,17,19.29,31
Houston East C1/482011034/PM2.5-88101/1,6/29/2019,15,17,16,16,16,12,20,20,19,20,16,21,27,-2,9,6,24,10,13,13,11,15,16,16,15.25,27
Houston East C1/482011034/PM2.5-88101/1,6/30/2019,16,10,7,6,6,8,6,7,3,7,7,11,15,11,11,15,9,12,18,12,15,12,13,7,10.17,18
