,cluster,year,month,day,datetime,maximum,site,Max PM2.5
0,11,2010.0,6.0,1.0,2010-06-01,68.0,Conroe Relocated C78/A321,17.254375
1,3,2010.0,6.0,2.0,2010-06-02,43.0,Conroe Relocated C78/A321,14.10791667
2,3,2010.0,6.0,3.0,2010-06-03,47.0,Wallisville Road C617,7.552083333
3,3,2010.0,6.0,4.0,2010-06-04,59.0,Seabrook Friendship Park C45,11.93166667
4,7,2010.0,6.0,5.0,2010-06-05,54.0,Conroe Relocated C78/A321,16.22541667
5,15,2010.0,6.0,6.0,2010-06-06,47.0,Houston Aldine C8/AF108/X150,31.315
6,13,2010.0,6.0,7.0,2010-06-07,36.0,Northwest Harris Co. C26/A110/X154,17.34666667
7,0,2010.0,6.0,8.0,2010-06-08,39.0,Hou.DeerPrk2 C35/235/1001/AFH139FP239,19.1125
8,0,2010.0,6.0,9.0,2010-06-09,30.0,Northwest Harris Co. C26/A110/X154,27.80083333
9,0,2010.0,6.0,10.0,2010-06-10,32.0,Conroe Relocated C78/A321,26.38125
10,2,2010.0,6.0,11.0,2010-06-11,30.0,Conroe Relocated C78/A321,21.88375
11,0,2010.0,6.0,12.0,2010-06-12,28.0,Conroe Relocated C78/A321,9.379166667
12,0,2010.0,6.0,13.0,2010-06-13,28.0,Conroe Relocated C78/A321,12.63833333
13,0,2010.0,6.0,14.0,2010-06-14,38.0,Conroe Relocated C78/A321,11.79333333
14,2,2010.0,6.0,15.0,2010-06-15,43.0,Conroe Relocated C78/A321,13.55708333
15,0,2010.0,6.0,16.0,2010-06-16,49.0,Conroe Relocated C78/A321,11.40458333
16,0,2010.0,6.0,17.0,2010-06-17,36.0,Conroe Relocated C78/A321,12.66458333
17,0,2010.0,6.0,18.0,2010-06-18,41.0,Conroe Relocated C78/A321,11.04166667
18,8,2010.0,6.0,19.0,2010-06-19,47.0,Conroe Relocated C78/A321,9.161666667
19,12,2010.0,6.0,20.0,2010-06-20,50.0,Houston Aldine C8/AF108/X150,9.34
20,8,2010.0,6.0,21.0,2010-06-21,66.0,Conroe Relocated C78/A321,11.595
21,8,2010.0,6.0,22.0,2010-06-22,61.0,Houston Aldine C8/AF108/X150,13.04208333
22,12,2010.0,6.0,23.0,2010-06-23,47.0,Northwest Harris Co. C26/A110/X154,13.20291667
23,12,2010.0,6.0,24.0,2010-06-24,60.0,Wallisville Road C617,9.384166667
24,12,2010.0,6.0,25.0,2010-06-25,49.0,Conroe Relocated C78/A321,10.57083333
25,8,2010.0,6.0,26.0,2010-06-26,46.0,Houston Aldine C8/AF108/X150,8.073333333
26,6,2010.0,6.0,27.0,2010-06-27,50.0,Conroe Relocated C78/A321,8.105416667
27,7,2010.0,6.0,28.0,2010-06-28,37.0,Houston Aldine C8/AF108/X150,9.761666667
28,7,2010.0,6.0,29.0,2010-06-29,41.0,Houston Croquet C409,7.640416667
29,6,2010.0,6.0,30.0,2010-06-30,23.0,Northwest Harris Co. C26/A110/X154,8.18875
30,6,2010.0,7.0,1.0,2010-07-01,19.0,Wallisville Road C617,15.78777778
31,5,2010.0,7.0,2.0,2010-07-02,15.0,Seabrook Friendship Park C45,17.56733333
32,1,2010.0,7.0,3.0,2010-07-03,28.0,Seabrook Friendship Park C45,11.16541667
33,2,2010.0,7.0,4.0,2010-07-04,36.0,Houston Aldine C8/AF108/X150,13.65666667
34,2,2010.0,7.0,5.0,2010-07-05,49.0,Houston Aldine C8/AF108/X150,13.10083333
35,3,2010.0,7.0,6.0,2010-07-06,55.0,Houston Croquet C409,11.43291667
36,3,2010.0,7.0,7.0,2010-07-07,22.0,Seabrook Friendship Park C45,11.64791667
37,1,2010.0,7.0,8.0,2010-07-08,21.0,Wallisville Road C617,19.25541667
38,5,2010.0,7.0,9.0,2010-07-09,66.0,Northwest Harris Co. C26/A110/X154,18.62958333
39,9,2010.0,7.0,10.0,2010-07-10,65.0,Seabrook Friendship Park C45,22.00208333
40,4,2010.0,7.0,11.0,2010-07-11,32.0,Houston Aldine C8/AF108/X150,16.76708333
41,6,2010.0,7.0,12.0,2010-07-12,22.0,Wallisville Road C617,17.58458333
42,2,2010.0,7.0,13.0,2010-07-13,28.0,Conroe Relocated C78/A321,28.92833333
43,0,2010.0,7.0,14.0,2010-07-14,40.0,Conroe Relocated C78/A321,18.77590909
44,12,2010.0,7.0,15.0,2010-07-15,53.0,Wallisville Road C617,24.335
45,12,2010.0,7.0,16.0,2010-07-16,92.0,Houston Aldine C8/AF108/X150,27.01208333
46,12,2010.0,7.0,17.0,2010-07-17,68.0,Houston Aldine C8/AF108/X150,20.13666667
47,12,2010.0,7.0,18.0,2010-07-18,42.0,Houston Aldine C8/AF108/X150,10.97666667
48,12,2010.0,7.0,19.0,2010-07-19,24.0,Conroe Relocated C78/A321,12.20571429
49,4,2010.0,7.0,20.0,2010-07-20,35.0,Northwest Harris Co. C26/A110/X154,15.79791667
50,8,2010.0,7.0,21.0,2010-07-21,35.0,Northwest Harris Co. C26/A110/X154,12.39166667
51,4,2010.0,7.0,22.0,2010-07-22,30.0,Northwest Harris Co. C26/A110/X154,11.75666667
52,4,2010.0,7.0,23.0,2010-07-23,34.0,Houston Aldine C8/AF108/X150,18.94875
53,4,2010.0,7.0,24.0,2010-07-24,77.0,Lang C408,18.82125
54,8,2010.0,7.0,25.0,2010-07-25,66.0,Manvel Croix Park C84,19.27166667
55,4,2010.0,7.0,26.0,2010-07-26,55.0,Northwest Harris Co. C26/A110/X154,16.39791667
56,1,2010.0,7.0,27.0,2010-07-27,27.0,Conroe Relocated C78/A321,8.83875
57,4,2010.0,7.0,28.0,2010-07-28,29.0,Conroe Relocated C78/A321,14.10083333
58,12,2010.0,7.0,29.0,2010-07-29,41.0,Conroe Relocated C78/A321,15.83666667
59,12,2010.0,7.0,30.0,2010-07-30,51.0,Wallisville Road C617,15.87833333
60,13,2010.0,7.0,31.0,2010-07-31,58.0,Wallisville Road C617,13.66958333
61,15,2010.0,8.0,1.0,2010-08-01,69.0,Wallisville Road C617,15.74458333
62,9,2010.0,8.0,2.0,2010-08-02,82.0,Houston Aldine C8/AF108/X150,19.14375
63,12,2010.0,8.0,3.0,2010-08-03,83.0,Houston Aldine C8/AF108/X150,21.60416667
64,12,2010.0,8.0,4.0,2010-08-04,76.0,Wallisville Road C617,15.92041667
65,12,2010.0,8.0,5.0,2010-08-05,54.0,Conroe Relocated C78/A321,10.77173913
66,15,2010.0,8.0,6.0,2010-08-06,44.0,Conroe Relocated C78/A321,11.54333333
67,14,2010.0,8.0,7.0,2010-08-07,45.0,Wallisville Road C617,9.950833333
68,10,2010.0,8.0,8.0,2010-08-08,33.0,Conroe Relocated C78/A321,8.905
69,1,2010.0,8.0,9.0,2010-08-09,52.0,Conroe Relocated C78/A321,9.292916667
70,4,2010.0,8.0,10.0,2010-08-10,77.0,Lang C408,11.72291667
71,9,2010.0,8.0,11.0,2010-08-11,93.0,Park Place C416,19.7825
72,14,2010.0,8.0,12.0,2010-08-12,71.0,Wallisville Road C617,22.51458333
73,6,2010.0,8.0,13.0,2010-08-13,53.0,Wallisville Road C617,13.2575
74,2,2010.0,8.0,14.0,2010-08-14,31.0,Houston Aldine C8/AF108/X150,13.45333333
75,4,2010.0,8.0,15.0,2010-08-15,48.0,Wallisville Road C617,10.74708333
76,8,2010.0,8.0,16.0,2010-08-16,50.0,Seabrook Friendship Park C45,13.20666667
77,13,2010.0,8.0,17.0,2010-08-17,79.0,Park Place C416,20.01666667
78,14,2010.0,8.0,18.0,2010-08-18,47.0,Houston Aldine C8/AF108/X150,11.30375
79,13,2010.0,8.0,19.0,2010-08-19,30.0,Wallisville Road C617,8.1825
80,1,2010.0,8.0,20.0,2010-08-20,26.0,Conroe Relocated C78/A321,7.565416667
81,2,2010.0,8.0,21.0,2010-08-21,36.0,Houston Aldine C8/AF108/X150,8.360416667
82,8,2010.0,8.0,22.0,2010-08-22,50.0,Wallisville Road C617,13.85458333
83,12,2010.0,8.0,23.0,2010-08-23,69.0,Wallisville Road C617,20.74125
84,14,2010.0,8.0,24.0,2010-08-24,75.0,Manvel Croix Park C84,17.16583333
85,14,2010.0,8.0,25.0,2010-08-25,81.0,Manvel Croix Park C84,22.56708333
86,13,2010.0,8.0,26.0,2010-08-26,74.0,Manvel Croix Park C84,26.72666667
87,13,2010.0,8.0,27.0,2010-08-27,88.0,Manvel Croix Park C84,25.49041667
88,6,2010.0,8.0,28.0,2010-08-28,63.0,Manvel Croix Park C84,15.50916667
89,2,2010.0,8.0,29.0,2010-08-29,54.0,Northwest Harris Co. C26/A110/X154,8.714166667
90,1,2010.0,8.0,30.0,2010-08-30,24.0,Conroe Relocated C78/A321,9.033333333
91,0,2010.0,8.0,31.0,2010-08-31,30.0,Northwest Harris Co. C26/A110/X154,9.4775
92,9,2010.0,9.0,1.0,2010-09-01,53.0,Northwest Harris Co. C26/A110/X154,7.29
93,6,2010.0,9.0,2.0,2010-09-02,57.0,Northwest Harris Co. C26/A110/X154,9.790833333
94,11,2010.0,9.0,3.0,2010-09-03,48.0,Manvel Croix Park C84,8.245
95,15,2010.0,9.0,4.0,2010-09-04,68.0,Manvel Croix Park C84,17.2025
96,11,2010.0,9.0,5.0,2010-09-05,67.0,Northwest Harris Co. C26/A110/X154,15.86791667
97,3,2010.0,9.0,6.0,2010-09-06,25.0,Seabrook Friendship Park C45,9.82625
98,2,2010.0,9.0,7.0,2010-09-07,20.0,Wallisville Road C617,13.3973913
99,1,2010.0,9.0,8.0,2010-09-08,26.0,Conroe Relocated C78/A321,17.785
100,2,2010.0,9.0,9.0,2010-09-09,28.0,Conroe Relocated C78/A321,15.77583333
101,3,2010.0,9.0,10.0,2010-09-10,29.0,Conroe Relocated C78/A321,11.72125
102,6,2010.0,9.0,11.0,2010-09-11,37.0,Wallisville Road C617,8.76125
103,15,2010.0,9.0,12.0,2010-09-12,51.0,Seabrook Friendship Park C45,10.48541667
104,12,2010.0,9.0,13.0,2010-09-13,77.0,Houston Croquet C409,16.55125
105,13,2010.0,9.0,14.0,2010-09-14,87.0,Houston Aldine C8/AF108/X150,19.0775
106,14,2010.0,9.0,15.0,2010-09-15,94.0,Northwest Harris Co. C26/A110/X154,15.84608696
107,10,2010.0,9.0,16.0,2010-09-16,62.0,Northwest Harris Co. C26/A110/X154,13.00541667
108,10,2010.0,9.0,17.0,2010-09-17,48.0,Northwest Harris Co. C26/A110/X154,12.81291667
109,5,2010.0,9.0,18.0,2010-09-18,41.0,Northwest Harris Co. C26/A110/X154,11.53875
110,5,2010.0,9.0,19.0,2010-09-19,41.0,Wallisville Road C617,13.69041667
111,5,2010.0,9.0,20.0,2010-09-20,40.0,Manvel Croix Park C84,13.34041667
112,3,2010.0,9.0,21.0,2010-09-21,46.0,Northwest Harris Co. C26/A110/X154,11.62916667
113,3,2010.0,9.0,22.0,2010-09-22,43.0,Northwest Harris Co. C26/A110/X154,9.299583333
114,3,2010.0,9.0,23.0,2010-09-23,37.0,Conroe Relocated C78/A321,10.79583333
115,2,2010.0,9.0,24.0,2010-09-24,43.0,Northwest Harris Co. C26/A110/X154,10.97
116,9,2010.0,9.0,25.0,2010-09-25,62.0,Manvel Croix Park C84,11.87541667
117,11,2010.0,9.0,26.0,2010-09-26,52.0,Manvel Croix Park C84,11.6675
118,7,2010.0,9.0,27.0,2010-09-27,54.0,Manvel Croix Park C84,10.19125
119,7,2010.0,9.0,28.0,2010-09-28,77.0,Seabrook Friendship Park C45,13.10727273
120,7,2010.0,9.0,29.0,2010-09-29,78.0,Galveston 99th St. C1034/A320/X183,15.16166667
121,7,2010.0,9.0,30.0,2010-09-30,88.0,Manvel Croix Park C84,20.29333333
122,12,2011.0,6.0,1.0,2011-06-01,78.0,Northwest Harris Co. C26/A110/X154,11.31708333
123,12,2011.0,6.0,2.0,2011-06-02,95.0,Galveston 99th St. C1034/A320/X183,17.72315789
124,0,2011.0,6.0,3.0,2011-06-03,79.0,Northwest Harris Co. C26/A110/X154,19.53708333
125,0,2011.0,6.0,4.0,2011-06-04,70.0,Northwest Harris Co. C26/A110/X154,12.13291667
126,12,2011.0,6.0,5.0,2011-06-05,78.0,Manvel Croix Park C84,18.83041667
127,12,2011.0,6.0,6.0,2011-06-06,112.0,Galveston 99th St. C1034/A320/X183,30.29458333
128,10,2011.0,6.0,7.0,2011-06-07,80.0,Northwest Harris Co. C26/A110/X154,23.52454545
129,2,2011.0,6.0,8.0,2011-06-08,64.0,Conroe Relocated C78/A321,25.71
130,2,2011.0,6.0,9.0,2011-06-09,64.0,Conroe Relocated C78/A321,14.24416667
131,6,2011.0,6.0,10.0,2011-06-10,58.0,Conroe Relocated C78/A321,16.55958333
132,6,2011.0,6.0,11.0,2011-06-11,60.0,Houston Aldine C8/AF108/X150,20.9125
133,2,2011.0,6.0,12.0,2011-06-12,69.0,Northwest Harris Co. C26/A110/X154,16.95625
134,10,2011.0,6.0,13.0,2011-06-13,63.0,Conroe Relocated C78/A321,12.69863636
135,0,2011.0,6.0,14.0,2011-06-14,42.0,Conroe Relocated C78/A321,12.52916667
136,15,2011.0,6.0,15.0,2011-06-15,42.0,Conroe Relocated C78/A321,11.29583333
137,11,2011.0,6.0,16.0,2011-06-16,31.0,Conroe Relocated C78/A321,23.14
138,3,2011.0,6.0,17.0,2011-06-17,30.0,Conroe Relocated C78/A321,23.91045455
139,1,2011.0,6.0,18.0,2011-06-18,25.0,Conroe Relocated C78/A321,11.69791667
140,0,2011.0,6.0,19.0,2011-06-19,27.0,Conroe Relocated C78/A321,9.477916667
141,3,2011.0,6.0,20.0,2011-06-20,33.0,Conroe Relocated C78/A321,10.17375
142,3,2011.0,6.0,21.0,2011-06-21,29.0,Conroe Relocated C78/A321,16.27
143,3,2011.0,6.0,22.0,2011-06-22,44.0,Manvel Croix Park C84,8.895416667
144,11,2011.0,6.0,23.0,2011-06-23,55.0,Conroe Relocated C78/A321,7.847916667
145,11,2011.0,6.0,24.0,2011-06-24,40.0,Conroe Relocated C78/A321,8.992083333
146,7,2011.0,6.0,25.0,2011-06-25,41.0,Conroe Relocated C78/A321,9.654166667
147,6,2011.0,6.0,26.0,2011-06-26,36.0,Conroe Relocated C78/A321,13.4925
148,6,2011.0,6.0,27.0,2011-06-27,46.0,Conroe Relocated C78/A321,13.00208333
149,9,2011.0,6.0,28.0,2011-06-28,59.0,Northwest Harris Co. C26/A110/X154,11.02708333
150,9,2011.0,6.0,29.0,2011-06-29,68.0,Northwest Harris Co. C26/A110/X154,12.16375
151,5,2011.0,6.0,30.0,2011-06-30,74.0,Northwest Harris Co. C26/A110/X154,13.983
152,5,2011.0,7.0,1.0,2011-07-01,51.0,Conroe Relocated C78/A321,22.63791667
153,5,2011.0,7.0,2.0,2011-07-02,58.0,Wallisville Road C617,21.26625
154,9,2011.0,7.0,3.0,2011-07-03,57.0,Wallisville Road C617,21.03875
155,5,2011.0,7.0,4.0,2011-07-04,59.0,Wallisville Road C617,18.40541667
156,10,2011.0,7.0,5.0,2011-07-05,82.0,Houston Aldine C8/AF108/X150,16.61708333
157,9,2011.0,7.0,6.0,2011-07-06,61.0,Houston Bayland Park C53/A146,15.47541667
158,14,2011.0,7.0,7.0,2011-07-07,58.0,Wallisville Road C617,12.26291667
159,11,2011.0,7.0,8.0,2011-07-08,46.0,Houston Aldine C8/AF108/X150,8.071666667
160,6,2011.0,7.0,9.0,2011-07-09,47.0,Conroe Relocated C78/A321,9.10375
161,1,2011.0,7.0,10.0,2011-07-10,41.0,Conroe Relocated C78/A321,9.965
162,4,2011.0,7.0,11.0,2011-07-11,54.0,Northwest Harris Co. C26/A110/X154,11.62333333
163,4,2011.0,7.0,12.0,2011-07-12,37.0,Conroe Relocated C78/A321,9.674166667
164,4,2011.0,7.0,13.0,2011-07-13,42.0,Conroe Relocated C78/A321,11.67625
165,1,2011.0,7.0,14.0,2011-07-14,36.0,Conroe Relocated C78/A321,15.03041667
166,6,2011.0,7.0,15.0,2011-07-15,27.0,Conroe Relocated C78/A321,18.70291667
167,6,2011.0,7.0,16.0,2011-07-16,39.0,Wallisville Road C617,14.27083333
168,5,2011.0,7.0,17.0,2011-07-17,49.0,Conroe Relocated C78/A321,11.31578947
169,8,2011.0,7.0,18.0,2011-07-18,52.0,Wallisville Road C617,10.67208333
170,12,2011.0,7.0,19.0,2011-07-19,41.0,Wallisville Road C617,13.80291667
171,9,2011.0,7.0,20.0,2011-07-20,45.0,Conroe Relocated C78/A321,16.60666667
172,4,2011.0,7.0,21.0,2011-07-21,48.0,Conroe Relocated C78/A321,22.26708333
173,0,2011.0,7.0,22.0,2011-07-22,33.0,Conroe Relocated C78/A321,11.8475
174,0,2011.0,7.0,23.0,2011-07-23,37.0,Conroe Relocated C78/A321,12.32125
175,12,2011.0,7.0,24.0,2011-07-24,35.0,Houston Aldine C8/AF108/X150,10.86458333
176,12,2011.0,7.0,25.0,2011-07-25,42.0,Wallisville Road C617,11.14333333
177,13,2011.0,7.0,26.0,2011-07-26,45.0,Houston Aldine C8/AF108/X150,11.46208333
178,6,2011.0,7.0,27.0,2011-07-27,41.0,Conroe Relocated C78/A321,9.5275
179,5,2011.0,7.0,28.0,2011-07-28,40.0,Northwest Harris Co. C26/A110/X154,9.029166667
180,4,2011.0,7.0,29.0,2011-07-29,32.0,Northwest Harris Co. C26/A110/X154,7.549583333
181,8,2011.0,7.0,30.0,2011-07-30,45.0,Northwest Harris Co. C26/A110/X154,11.18791667
182,8,2011.0,7.0,31.0,2011-07-31,70.0,Houston East C1/G316,10.78136364
183,12,2011.0,8.0,1.0,2011-08-01,76.0,Wallisville Road C617,9.420416667
184,12,2011.0,8.0,2.0,2011-08-02,64.0,Northwest Harris Co. C26/A110/X154,9.555416667
185,13,2011.0,8.0,3.0,2011-08-03,56.0,Conroe Relocated C78/A321,9.537083333
186,9,2011.0,8.0,4.0,2011-08-04,51.0,Conroe Relocated C78/A321,10.00125
187,8,2011.0,8.0,5.0,2011-08-05,48.0,Conroe Relocated C78/A321,7.75
188,8,2011.0,8.0,6.0,2011-08-06,49.0,Conroe Relocated C78/A321,5.906666667
189,8,2011.0,8.0,7.0,2011-08-07,33.0,Conroe Relocated C78/A321,6.01375
190,15,2011.0,8.0,8.0,2011-08-08,36.0,Conroe Relocated C78/A321,10.42541667
191,15,2011.0,8.0,9.0,2011-08-09,34.0,Conroe Relocated C78/A321,14.36041667
192,11,2011.0,8.0,10.0,2011-08-10,44.0,Conroe Relocated C78/A321,13.47272727
193,11,2011.0,8.0,11.0,2011-08-11,45.0,Conroe Relocated C78/A321,12.56041667
194,15,2011.0,8.0,12.0,2011-08-12,49.0,Conroe Relocated C78/A321,10.47375
195,15,2011.0,8.0,13.0,2011-08-13,34.0,Conroe Relocated C78/A321,10.27041667
196,14,2011.0,8.0,14.0,2011-08-14,49.0,Wallisville Road C617,9.1075
197,15,2011.0,8.0,15.0,2011-08-15,60.0,Conroe Relocated C78/A321,11.7825
198,15,2011.0,8.0,16.0,2011-08-16,63.0,Conroe Relocated C78/A321,13.12833333
199,12,2011.0,8.0,17.0,2011-08-17,72.0,Conroe Relocated C78/A321,11.85125
200,12,2011.0,8.0,18.0,2011-08-18,72.0,Wallisville Road C617,11.67583333
201,13,2011.0,8.0,19.0,2011-08-19,89.0,Wallisville Road C617,13.77541667
202,10,2011.0,8.0,20.0,2011-08-20,71.0,Northwest Harris Co. C26/A110/X154,13.9475
203,9,2011.0,8.0,21.0,2011-08-21,48.0,Houston East C1/G316,10.035
204,12,2011.0,8.0,22.0,2011-08-22,66.0,Conroe Relocated C78/A321,12.13291667
205,13,2011.0,8.0,23.0,2011-08-23,66.0,Conroe Relocated C78/A321,16.1915
206,14,2011.0,8.0,24.0,2011-08-24,63.0,Houston Aldine C8/AF108/X150,23.09083333
207,10,2011.0,8.0,25.0,2011-08-25,63.0,Wallisville Road C617,19.4575
208,14,2011.0,8.0,26.0,2011-08-26,100.0,Houston Aldine C8/AF108/X150,25.85125
209,13,2011.0,8.0,27.0,2011-08-27,88.0,Manvel Croix Park C84,21.42875
210,14,2011.0,8.0,28.0,2011-08-28,101.0,Houston Croquet C409,25.03083333
211,11,2011.0,8.0,29.0,2011-08-29,99.0,Houston Bayland Park C53/A146,27.20791667
212,11,2011.0,8.0,30.0,2011-08-30,100.0,Northwest Harris Co. C26/A110/X154,36.365
213,6,2011.0,8.0,31.0,2011-08-31,83.0,Northwest Harris Co. C26/A110/X154,34.305
214,5,2011.0,9.0,1.0,2011-09-01,58.0,Houston Croquet C409,22.37833333
215,5,2011.0,9.0,2.0,2011-09-02,48.0,Manvel Croix Park C84,11.8275
216,6,2011.0,9.0,3.0,2011-09-03,43.0,Lake Jackson C1016,12.2625
217,7,2011.0,9.0,4.0,2011-09-04,47.0,Northwest Harris Co. C26/A110/X154,12.0
218,7,2011.0,9.0,5.0,2011-09-05,63.0,Manvel Croix Park C84,27.48916667
219,7,2011.0,9.0,6.0,2011-09-06,89.0,Manvel Croix Park C84,19.86083333
220,11,2011.0,9.0,7.0,2011-09-07,80.0,Manvel Croix Park C84,14.7625
221,14,2011.0,9.0,8.0,2011-09-08,108.0,Manvel Croix Park C84,16.4425
222,11,2011.0,9.0,9.0,2011-09-09,91.0,Wallisville Road C617,17.52916667
223,7,2011.0,9.0,10.0,2011-09-10,84.0,Wallisville Road C617,16.17791667
224,15,2011.0,9.0,11.0,2011-09-11,83.0,Wallisville Road C617,14.28291667
225,12,2011.0,9.0,12.0,2011-09-12,82.0,Wallisville Road C617,14.94652174
226,12,2011.0,9.0,13.0,2011-09-13,63.0,Northwest Harris Co. C26/A110/X154,12.19541667
227,13,2011.0,9.0,14.0,2011-09-14,71.0,Conroe Relocated C78/A321,12.04166667
228,11,2011.0,9.0,15.0,2011-09-15,85.0,Houston Aldine C8/AF108/X150,16.80708333
229,1,2011.0,9.0,16.0,2011-09-16,70.0,Northwest Harris Co. C26/A110/X154,18.47416667
230,0,2011.0,9.0,17.0,2011-09-17,56.0,Wallisville Road C617,19.54666667
231,0,2011.0,9.0,18.0,2011-09-18,41.0,Conroe Relocated C78/A321,10.52708333
232,15,2011.0,9.0,19.0,2011-09-19,72.0,Wallisville Road C617,8.204166667
233,15,2011.0,9.0,20.0,2011-09-20,80.0,HRM-3 Haden Road C603/A114,11.9375
234,11,2011.0,9.0,21.0,2011-09-21,84.0,Manvel Croix Park C84,14.06708333
235,15,2011.0,9.0,22.0,2011-09-22,85.0,Manvel Croix Park C84,18.72458333
236,15,2011.0,9.0,23.0,2011-09-23,78.0,Manvel Croix Park C84,15.10166667
237,15,2011.0,9.0,24.0,2011-09-24,92.0,Wallisville Road C617,18.37333333
238,11,2011.0,9.0,25.0,2011-09-25,53.0,Galveston 99th St. C1034/A320/X183,10.37375
239,7,2011.0,9.0,26.0,2011-09-26,44.0,Houston Aldine C8/AF108/X150,7.255
240,11,2011.0,9.0,27.0,2011-09-27,40.0,Houston Aldine C8/AF108/X150,9.752083333
241,11,2011.0,9.0,28.0,2011-09-28,45.0,Houston East C1/G316,16.115
242,11,2011.0,9.0,29.0,2011-09-29,51.0,Wallisville Road C617,10.11916667
243,11,2011.0,9.0,30.0,2011-09-30,75.0,Manvel Croix Park C84,11.28541667
244,7,2012.0,6.0,1.0,2012-06-01,104.0,Houston Bayland Park C53/A146,14.99875
245,7,2012.0,6.0,2.0,2012-06-02,60.0,Galveston 99th St. C1034/A320/X183,11.69833333
246,7,2012.0,6.0,3.0,2012-06-03,41.0,Conroe Relocated C78/A321,7.315
247,6,2012.0,6.0,4.0,2012-06-04,51.0,Conroe Relocated C78/A321,10.43375
248,7,2012.0,6.0,5.0,2012-06-05,69.0,Lang C408,11.1725
249,7,2012.0,6.0,6.0,2012-06-06,75.0,Northwest Harris Co. C26/A110/X154,12.69375
250,3,2012.0,6.0,7.0,2012-06-07,85.0,Houston Monroe C406,14.62958333
251,7,2012.0,6.0,8.0,2012-06-08,63.0,Houston Westhollow C410/C3003,12.73954545
252,7,2012.0,6.0,9.0,2012-06-09,76.0,Houston Croquet C409,14.49125
253,3,2012.0,6.0,10.0,2012-06-10,51.0,Conroe Relocated C78/A321,9.315416667
254,2,2012.0,6.0,11.0,2012-06-11,40.0,Conroe Relocated C78/A321,16.04478261
255,12,2012.0,6.0,12.0,2012-06-12,38.0,Conroe Relocated C78/A321,17.53375
256,13,2012.0,6.0,13.0,2012-06-13,50.0,Conroe Relocated C78/A321,16.33416667
257,2,2012.0,6.0,14.0,2012-06-14,46.0,Conroe Relocated C78/A321,11.02708333
258,1,2012.0,6.0,15.0,2012-06-15,47.0,Conroe Relocated C78/A321,9.910416667
259,1,2012.0,6.0,16.0,2012-06-16,48.0,Seabrook Friendship Park C45,10.90458333
260,5,2012.0,6.0,17.0,2012-06-17,68.0,Houston Westhollow C410/C3003,11.41291667
261,7,2012.0,6.0,18.0,2012-06-18,54.0,Northwest Harris Co. C26/A110/X154,9.251666667
262,3,2012.0,6.0,19.0,2012-06-19,33.0,Seabrook Friendship Park C45,9.7225
263,3,2012.0,6.0,20.0,2012-06-20,40.0,Houston Aldine C8/AF108/X150,10.26041667
264,2,2012.0,6.0,21.0,2012-06-21,64.0,Manvel Croix Park C84,11.735
265,11,2012.0,6.0,22.0,2012-06-22,68.0,Manvel Croix Park C84,17.53458333
266,7,2012.0,6.0,23.0,2012-06-23,67.0,Manvel Croix Park C84,20.88875
267,6,2012.0,6.0,24.0,2012-06-24,71.0,Manvel Croix Park C84,19.46681818
268,14,2012.0,6.0,25.0,2012-06-25,94.0,Manvel Croix Park C84,21.24208333
269,11,2012.0,6.0,26.0,2012-06-26,136.0,Manvel Croix Park C84,28.33208333
270,11,2012.0,6.0,27.0,2012-06-27,99.0,Northwest Harris Co. C26/A110/X154,33.805
271,8,2012.0,6.0,28.0,2012-06-28,70.0,Conroe Relocated C78/A321,35.56666667
272,12,2012.0,6.0,29.0,2012-06-29,56.0,Conroe Relocated C78/A321,18.045
273,9,2012.0,6.0,30.0,2012-06-30,31.0,Manvel Croix Park C84,17.32
274,1,2012.0,7.0,1.0,2012-07-01,29.0,Conroe Relocated C78/A321,18.91291667
275,1,2012.0,7.0,2.0,2012-07-02,46.0,Conroe Relocated C78/A321,32.0775
276,0,2012.0,7.0,3.0,2012-07-03,36.0,Conroe Relocated C78/A321,22.22375
277,1,2012.0,7.0,4.0,2012-07-04,33.0,Conroe Relocated C78/A321,19.11625
278,0,2012.0,7.0,5.0,2012-07-05,49.0,Conroe Relocated C78/A321,18.75958333
279,4,2012.0,7.0,6.0,2012-07-06,51.0,Wallisville Road C617,13.88583333
280,8,2012.0,7.0,7.0,2012-07-07,46.0,Houston Aldine C8/AF108/X150,12.0375
281,8,2012.0,7.0,8.0,2012-07-08,30.0,Conroe Relocated C78/A321,10.36666667
282,13,2012.0,7.0,9.0,2012-07-09,28.0,Conroe Relocated C78/A321,9.97
283,14,2012.0,7.0,10.0,2012-07-10,34.0,Conroe Relocated C78/A321,11.24375
284,10,2012.0,7.0,11.0,2012-07-11,25.0,Galveston 99th St. C1034/A320/X183,13.47291667
285,10,2012.0,7.0,12.0,2012-07-12,27.0,Wallisville Road C617,11.06833333
286,9,2012.0,7.0,13.0,2012-07-13,40.0,Seabrook Friendship Park C45,11.54333333
287,13,2012.0,7.0,14.0,2012-07-14,49.0,Houston Aldine C8/AF108/X150,11.315
288,13,2012.0,7.0,15.0,2012-07-15,40.0,Houston Aldine C8/AF108/X150,8.955909091
289,4,2012.0,7.0,16.0,2012-07-16,45.0,Conroe Relocated C78/A321,10.87916667
290,0,2012.0,7.0,17.0,2012-07-17,43.0,Conroe Relocated C78/A321,9.01625
291,5,2012.0,7.0,18.0,2012-07-18,50.0,Conroe Relocated C78/A321,10.38875
292,8,2012.0,7.0,19.0,2012-07-19,33.0,Wallisville Road C617,15.09466667
293,12,2012.0,7.0,20.0,2012-07-20,51.0,Wallisville Road C617,19.756
294,12,2012.0,7.0,21.0,2012-07-21,48.0,Wallisville Road C617,26.84875
295,12,2012.0,7.0,22.0,2012-07-22,37.0,Wallisville Road C617,24.71666667
296,12,2012.0,7.0,23.0,2012-07-23,37.0,Conroe Relocated C78/A321,19.33347826
297,12,2012.0,7.0,24.0,2012-07-24,40.0,Conroe Relocated C78/A321,11.39166667
298,12,2012.0,7.0,25.0,2012-07-25,32.0,Conroe Relocated C78/A321,11.18125
299,0,2012.0,7.0,26.0,2012-07-26,28.0,Conroe Relocated C78/A321,22.21291667
300,15,2012.0,7.0,27.0,2012-07-27,42.0,Conroe Relocated C78/A321,27.26833333
301,12,2012.0,7.0,28.0,2012-07-28,59.0,Houston East C1/G316,29.0325
302,12,2012.0,7.0,29.0,2012-07-29,51.0,Wallisville Road C617,20.24
303,12,2012.0,7.0,30.0,2012-07-30,46.0,Wallisville Road C617,13.80541667
304,12,2012.0,7.0,31.0,2012-07-31,42.0,Wallisville Road C617,14.93458333
305,12,2012.0,8.0,1.0,2012-08-01,50.0,Houston Aldine C8/AF108/X150,16.8375
306,12,2012.0,8.0,2.0,2012-08-02,48.0,Conroe Relocated C78/A321,18.30583333
307,14,2012.0,8.0,3.0,2012-08-03,48.0,Conroe Relocated C78/A321,16.0
308,5,2012.0,8.0,4.0,2012-08-04,43.0,Conroe Relocated C78/A321,10.85875
309,8,2012.0,8.0,5.0,2012-08-05,35.0,Northwest Harris Co. C26/A110/X154,12.24375
310,12,2012.0,8.0,6.0,2012-08-06,81.0,Galveston 99th St. C1034/A320/X183,13.72
311,12,2012.0,8.0,7.0,2012-08-07,89.0,HRM-3 Haden Road C603/A114,16.87916667
312,13,2012.0,8.0,8.0,2012-08-08,59.0,Channelview C15/AH115,10.42041667
313,13,2012.0,8.0,9.0,2012-08-09,45.0,Wallisville Road C617,12.66
314,15,2012.0,8.0,10.0,2012-08-10,43.0,Wallisville Road C617,18.77083333
315,15,2012.0,8.0,11.0,2012-08-11,48.0,Houston East C1/G316,19.12166667
316,15,2012.0,8.0,12.0,2012-08-12,39.0,Conroe Relocated C78/A321,9.566666667
317,14,2012.0,8.0,13.0,2012-08-13,41.0,Wallisville Road C617,9.809166667
318,13,2012.0,8.0,14.0,2012-08-14,37.0,Houston Aldine C8/AF108/X150,10.3025
319,15,2012.0,8.0,15.0,2012-08-15,35.0,Conroe Relocated C78/A321,22.14041667
320,1,2012.0,8.0,16.0,2012-08-16,43.0,Conroe Relocated C78/A321,12.16166667
321,13,2012.0,8.0,17.0,2012-08-17,40.0,Wallisville Road C617,11.50625
322,15,2012.0,8.0,18.0,2012-08-18,27.0,Wallisville Road C617,10.86833333
323,7,2012.0,8.0,19.0,2012-08-19,53.0,Hou.DeerPrk2 C35/235/1001/AFH139FP239,7.55625
324,11,2012.0,8.0,20.0,2012-08-20,89.0,Seabrook Friendship Park C45,11.57166667
325,11,2012.0,8.0,21.0,2012-08-21,80.0,Manvel Croix Park C84,17.24375
326,15,2012.0,8.0,22.0,2012-08-22,68.0,Houston Bayland Park C53/A146,14.66416667
327,14,2012.0,8.0,23.0,2012-08-23,46.0,Houston Westhollow C410/C3003,6.272083333
328,0,2012.0,8.0,24.0,2012-08-24,37.0,Conroe Relocated C78/A321,10.48291667
329,2,2012.0,8.0,25.0,2012-08-25,29.0,Conroe Relocated C78/A321,17.56708333
330,2,2012.0,8.0,26.0,2012-08-26,44.0,Houston Aldine C8/AF108/X150,11.38958333
331,10,2012.0,8.0,27.0,2012-08-27,74.0,Manvel Croix Park C84,14.71666667
332,14,2012.0,8.0,28.0,2012-08-28,71.0,Lake Jackson C1016,17.28541667
333,11,2012.0,8.0,29.0,2012-08-29,56.0,Manvel Croix Park C84,13.22833333
334,7,2012.0,8.0,30.0,2012-08-30,62.0,Seabrook Friendship Park C45,12.94666667
335,6,2012.0,8.0,31.0,2012-08-31,47.0,Conroe Relocated C78/A321,13.45541667
336,8,2012.0,9.0,1.0,2012-09-01,27.0,Conroe Relocated C78/A321,9.292083333
337,12,2012.0,9.0,2.0,2012-09-02,30.0,Houston Aldine C8/AF108/X150,14.96875
338,12,2012.0,9.0,3.0,2012-09-03,33.0,Conroe Relocated C78/A321,14.75041667
339,12,2012.0,9.0,4.0,2012-09-04,38.0,Houston Aldine C8/AF108/X150,14.61291667
340,14,2012.0,9.0,5.0,2012-09-05,40.0,Conroe Relocated C78/A321,14.0525
341,15,2012.0,9.0,6.0,2012-09-06,55.0,Wallisville Road C617,12.34083333
342,14,2012.0,9.0,7.0,2012-09-07,59.0,Conroe Relocated C78/A321,11.92166667
343,11,2012.0,9.0,8.0,2012-09-08,55.0,Manvel Croix Park C84,11.34833333
344,15,2012.0,9.0,9.0,2012-09-09,63.0,Manvel Croix Park C84,11.25041667
345,14,2012.0,9.0,10.0,2012-09-10,77.0,Houston Croquet C409,13.25181818
346,13,2012.0,9.0,11.0,2012-09-11,80.0,Northwest Harris Co. C26/A110/X154,14.05708333
347,0,2012.0,9.0,12.0,2012-09-12,48.0,Conroe Relocated C78/A321,11.35833333
348,0,2012.0,9.0,13.0,2012-09-13,28.0,Conroe Relocated C78/A321,9.444583333
349,13,2012.0,9.0,14.0,2012-09-14,40.0,Seabrook Friendship Park C45,11.19916667
350,13,2012.0,9.0,15.0,2012-09-15,61.0,Manvel Croix Park C84,12.01666667
351,14,2012.0,9.0,16.0,2012-09-16,65.0,Houston East C1/G316,15.41833333
352,11,2012.0,9.0,17.0,2012-09-17,57.0,Galveston 99th St. C1034/A320/X183,8.197916667
353,7,2012.0,9.0,18.0,2012-09-18,59.0,Manvel Croix Park C84,12.28083333
354,11,2012.0,9.0,19.0,2012-09-19,71.0,Manvel Croix Park C84,11.63333333
355,15,2012.0,9.0,20.0,2012-09-20,87.0,Manvel Croix Park C84,13.13333333
356,11,2012.0,9.0,21.0,2012-09-21,81.0,Northwest Harris Co. C26/A110/X154,16.485
357,11,2012.0,9.0,22.0,2012-09-22,78.0,Houston Westhollow C410/C3003,13.4125
358,13,2012.0,9.0,23.0,2012-09-23,79.0,Lang C408,13.18541667
359,12,2012.0,9.0,24.0,2012-09-24,84.0,Conroe Relocated C78/A321,19.11708333
360,0,2012.0,9.0,25.0,2012-09-25,64.0,Conroe Relocated C78/A321,18.5375
361,2,2012.0,9.0,26.0,2012-09-26,68.0,Conroe Relocated C78/A321,17.24375
362,1,2012.0,9.0,27.0,2012-09-27,68.0,Northwest Harris Co. C26/A110/X154,11.95083333
363,1,2012.0,9.0,28.0,2012-09-28,32.0,Lang C408,9.620833333
364,2,2012.0,9.0,29.0,2012-09-29,21.0,Galveston 99th St. C1034/A320/X183,8.448461538
365,7,2012.0,9.0,30.0,2012-09-30,43.0,Manvel Croix Park C84,6.965416667
366,3,2013.0,6.0,1.0,2013-06-01,33.0,Conroe Relocated C78/A321,9.786363636
367,7,2013.0,6.0,2.0,2013-06-02,45.0,Galveston 99th St. C1034/A320/X183,6.130416667
368,7,2013.0,6.0,3.0,2013-06-03,86.0,Manvel Croix Park C84,11.23375
369,7,2013.0,6.0,4.0,2013-06-04,81.0,Houston Aldine C8/AF108/X150,10.64041667
370,7,2013.0,6.0,5.0,2013-06-05,58.0,Lang C408,9.332083333
371,7,2013.0,6.0,6.0,2013-06-06,43.0,Lang C408,7.212105263
372,7,2013.0,6.0,7.0,2013-06-07,69.0,Manvel Croix Park C84,9.622083333
373,7,2013.0,6.0,8.0,2013-06-08,69.0,Conroe Relocated C78/A321,12.39791667
374,3,2013.0,6.0,9.0,2013-06-09,30.0,Park Place C416,7.124583333
375,11,2013.0,6.0,10.0,2013-06-10,64.0,Conroe Relocated C78/A321,12.18217391
376,15,2013.0,6.0,11.0,2013-06-11,28.0,Conroe Relocated C78/A321,22.89291667
377,4,2013.0,6.0,12.0,2013-06-12,43.0,Conroe Relocated C78/A321,16.35666667
378,12,2013.0,6.0,13.0,2013-06-13,51.0,Wallisville Road C617,13.00666667
379,9,2013.0,6.0,14.0,2013-06-14,64.0,Houston Aldine C8/AF108/X150,14.25458333
380,1,2013.0,6.0,15.0,2013-06-15,50.0,Conroe Relocated C78/A321,13.2575
381,0,2013.0,6.0,16.0,2013-06-16,28.0,Conroe Relocated C78/A321,10.85583333
382,13,2013.0,6.0,17.0,2013-06-17,37.0,Conroe Relocated C78/A321,14.97958333
383,15,2013.0,6.0,18.0,2013-06-18,38.0,Wallisville Road C617,14.56833333
384,15,2013.0,6.0,19.0,2013-06-19,42.0,Conroe Relocated C78/A321,15.46541667
385,1,2013.0,6.0,20.0,2013-06-20,44.0,Conroe Relocated C78/A321,23.27
386,0,2013.0,6.0,21.0,2013-06-21,51.0,Conroe Relocated C78/A321,21.48708333
387,0,2013.0,6.0,22.0,2013-06-22,47.0,Conroe Relocated C78/A321,19.41708333
388,0,2013.0,6.0,23.0,2013-06-23,42.0,Conroe Relocated C78/A321,18.90791667
389,0,2013.0,6.0,24.0,2013-06-24,46.0,Conroe Relocated C78/A321,17.77375
390,0,2013.0,6.0,25.0,2013-06-25,41.0,Conroe Relocated C78/A321,19.40541667
391,8,2013.0,6.0,26.0,2013-06-26,55.0,Conroe Relocated C78/A321,15.69041667
392,12,2013.0,6.0,27.0,2013-06-27,52.0,Houston Aldine C8/AF108/X150,15.46833333
393,12,2013.0,6.0,28.0,2013-06-28,62.0,Houston East C1/G316,13.8925
394,15,2013.0,6.0,29.0,2013-06-29,64.0,Manvel Croix Park C84,11.54166667
395,11,2013.0,6.0,30.0,2013-06-30,67.0,Manvel Croix Park C84,10.30875
396,11,2013.0,7.0,1.0,2013-07-01,71.0,Lake Jackson C1016,12.40041667
397,11,2013.0,7.0,2.0,2013-07-02,84.0,Manvel Croix Park C84,15.84916667
398,15,2013.0,7.0,3.0,2013-07-03,88.0,Lang C408,18.18875
399,6,2013.0,7.0,4.0,2013-07-04,86.0,Manvel Croix Park C84,35.85125
400,6,2013.0,7.0,5.0,2013-07-05,82.0,Houston Bayland Park C53/A146,45.64333333
401,2,2013.0,7.0,6.0,2013-07-06,59.0,Lang C408,6.991666667
402,2,2013.0,7.0,7.0,2013-07-07,38.0,Conroe Relocated C78/A321,4.024583333
403,4,2013.0,7.0,8.0,2013-07-08,45.0,Conroe Relocated C78/A321,8.183913043
404,12,2013.0,7.0,9.0,2013-07-09,59.0,Conroe Relocated C78/A321,8.669166667
405,12,2013.0,7.0,10.0,2013-07-10,55.0,Conroe Relocated C78/A321,9.204583333
406,12,2013.0,7.0,11.0,2013-07-11,50.0,Houston Aldine C8/AF108/X150,13.915
407,14,2013.0,7.0,12.0,2013-07-12,69.0,HRM-3 Haden Road C603/A114,13.94541667
408,10,2013.0,7.0,13.0,2013-07-13,73.0,Seabrook Friendship Park C45,11.55333333
409,14,2013.0,7.0,14.0,2013-07-14,48.0,Conroe Relocated C78/A321,7.925
410,10,2013.0,7.0,15.0,2013-07-15,36.0,Wallisville Road C617,9.52625
411,1,2013.0,7.0,16.0,2013-07-16,37.0,Lang C408,8.652083333
412,8,2013.0,7.0,17.0,2013-07-17,31.0,Galveston 99th St. C1034/A320/X183,7.38
413,12,2013.0,7.0,18.0,2013-07-18,50.0,Lang C408,8.3175
414,8,2013.0,7.0,19.0,2013-07-19,39.0,Conroe Relocated C78/A321,12.27
415,5,2013.0,7.0,20.0,2013-07-20,41.0,Houston Aldine C8/AF108/X150,11.12125
416,2,2013.0,7.0,21.0,2013-07-21,29.0,Conroe Relocated C78/A321,7.812916667
417,0,2013.0,7.0,22.0,2013-07-22,31.0,Conroe Relocated C78/A321,15.5325
418,8,2013.0,7.0,23.0,2013-07-23,29.0,Conroe Relocated C78/A321,21.07125
419,13,2013.0,7.0,24.0,2013-07-24,40.0,Wallisville Road C617,23.42791667
420,13,2013.0,7.0,25.0,2013-07-25,67.0,HRM-3 Haden Road C603/A114,20.94916667
421,12,2013.0,7.0,26.0,2013-07-26,36.0,Conroe Relocated C78/A321,14.7675
422,12,2013.0,7.0,27.0,2013-07-27,41.0,Wallisville Road C617,14.66833333
423,15,2013.0,7.0,28.0,2013-07-28,38.0,Conroe Relocated C78/A321,23.37958333
424,0,2013.0,7.0,29.0,2013-07-29,42.0,Conroe Relocated C78/A321,23.28916667
425,12,2013.0,7.0,30.0,2013-07-30,46.0,Conroe Relocated C78/A321,18.80083333
426,12,2013.0,7.0,31.0,2013-07-31,47.0,Wallisville Road C617,17.57
427,12,2013.0,8.0,1.0,2013-08-01,68.0,Hou.DeerPrk2 C35/235/1001/AFH139FP239,15.2875
428,12,2013.0,8.0,2.0,2013-08-02,64.0,Conroe Relocated C78/A321,14.00875
429,12,2013.0,8.0,3.0,2013-08-03,45.0,Conroe Relocated C78/A321,8.68375
430,12,2013.0,8.0,4.0,2013-08-04,38.0,Conroe Relocated C78/A321,7.150833333
431,12,2013.0,8.0,5.0,2013-08-05,40.0,Conroe Relocated C78/A321,9.438333333
432,12,2013.0,8.0,6.0,2013-08-06,34.0,Conroe Relocated C78/A321,15.7975
433,12,2013.0,8.0,7.0,2013-08-07,39.0,Conroe Relocated C78/A321,31.57541667
434,13,2013.0,8.0,8.0,2013-08-08,53.0,Conroe Relocated C78/A321,34.26125
435,15,2013.0,8.0,9.0,2013-08-09,73.0,Conroe Relocated C78/A321,21.65208333
436,13,2013.0,8.0,10.0,2013-08-10,52.0,Northwest Harris Co. C26/A110/X154,10.70478261
437,12,2013.0,8.0,11.0,2013-08-11,42.0,Conroe Relocated C78/A321,9.1275
438,12,2013.0,8.0,12.0,2013-08-12,46.0,Conroe Relocated C78/A321,9.093043478
439,12,2013.0,8.0,13.0,2013-08-13,41.0,Wallisville Road C617,13.71833333
440,13,2013.0,8.0,14.0,2013-08-14,50.0,HRM-3 Haden Road C603/A114,10.49952381
441,14,2013.0,8.0,15.0,2013-08-15,58.0,Manvel Croix Park C84,13.23458333
442,14,2013.0,8.0,16.0,2013-08-16,94.0,Manvel Croix Park C84,18.09
443,14,2013.0,8.0,17.0,2013-08-17,68.0,Manvel Croix Park C84,14.5125
444,14,2013.0,8.0,18.0,2013-08-18,64.0,Manvel Croix Park C84,17.46541667
445,13,2013.0,8.0,19.0,2013-08-19,78.0,Houston Westhollow C410/C3003,15.8675
446,14,2013.0,8.0,20.0,2013-08-20,51.0,Conroe Relocated C78/A321,12.19136364
447,9,2013.0,8.0,21.0,2013-08-21,51.0,Houston Croquet C409,12.87583333
448,8,2013.0,8.0,22.0,2013-08-22,48.0,Lang C408,8.234583333
449,9,2013.0,8.0,23.0,2013-08-23,65.0,Houston Croquet C409,10.12208333
450,5,2013.0,8.0,24.0,2013-08-24,53.0,Manvel Croix Park C84,13.46583333
451,8,2013.0,8.0,25.0,2013-08-25,34.0,Conroe Relocated C78/A321,5.565833333
452,12,2013.0,8.0,26.0,2013-08-26,29.0,Galveston 99th St. C1034/A320/X183,7.314583333
453,8,2013.0,8.0,27.0,2013-08-27,46.0,Lang C408,11.44541667
454,4,2013.0,8.0,28.0,2013-08-28,83.0,Northwest Harris Co. C26/A110/X154,17.9525
455,12,2013.0,8.0,29.0,2013-08-29,78.0,Seabrook Friendship Park C45,17.22333333
456,12,2013.0,8.0,30.0,2013-08-30,78.0,Wallisville Road C617,20.29041667
457,13,2013.0,8.0,31.0,2013-08-31,76.0,Conroe Relocated C78/A321,17.38833333
458,15,2013.0,9.0,1.0,2013-09-01,48.0,Wallisville Road C617,9.91375
459,10,2013.0,9.0,2.0,2013-09-02,39.0,Conroe Relocated C78/A321,7.2925
460,10,2013.0,9.0,3.0,2013-09-03,55.0,HRM-3 Haden Road C603/A114,8.335
461,14,2013.0,9.0,4.0,2013-09-04,62.0,Northwest Harris Co. C26/A110/X154,10.64708333
462,12,2013.0,9.0,5.0,2013-09-05,49.0,Conroe Relocated C78/A321,10.67916667
463,12,2013.0,9.0,6.0,2013-09-06,43.0,Conroe Relocated C78/A321,8.941666667
464,9,2013.0,9.0,7.0,2013-09-07,31.0,Houston Westhollow C410/C3003,6.877083333
465,5,2013.0,9.0,8.0,2013-09-08,43.0,Northwest Harris Co. C26/A110/X154,7.428333333
466,2,2013.0,9.0,9.0,2013-09-09,46.0,Conroe Relocated C78/A321,10.82625
467,2,2013.0,9.0,10.0,2013-09-10,46.0,Northwest Harris Co. C26/A110/X154,12.44291667
468,5,2013.0,9.0,11.0,2013-09-11,51.0,Houston Aldine C8/AF108/X150,11.95458333
469,5,2013.0,9.0,12.0,2013-09-12,58.0,Houston Croquet C409,9.241666667
470,6,2013.0,9.0,13.0,2013-09-13,66.0,Houston Bayland Park C53/A146,13.76708333
471,3,2013.0,9.0,14.0,2013-09-14,64.0,Houston Westhollow C410/C3003,16.28166667
472,3,2013.0,9.0,15.0,2013-09-15,35.0,Conroe Relocated C78/A321,18.43041667
473,6,2013.0,9.0,16.0,2013-09-16,35.0,Houston Westhollow C410/C3003,14.90791667
474,5,2013.0,9.0,17.0,2013-09-17,41.0,Conroe Relocated C78/A321,10.08125
475,2,2013.0,9.0,18.0,2013-09-18,47.0,Northwest Harris Co. C26/A110/X154,8.794583333
476,3,2013.0,9.0,19.0,2013-09-19,26.0,Conroe Relocated C78/A321,6.537916667
477,3,2013.0,9.0,20.0,2013-09-20,19.0,Conroe Relocated C78/A321,7.1825
478,7,2013.0,9.0,21.0,2013-09-21,36.0,Conroe Relocated C78/A321,5.115416667
479,7,2013.0,9.0,22.0,2013-09-22,43.0,Manvel Croix Park C84,7.46
480,3,2013.0,9.0,23.0,2013-09-23,65.0,Houston Croquet C409,16.12625
481,3,2013.0,9.0,24.0,2013-09-24,48.0,Manvel Croix Park C84,15.08166667
482,7,2013.0,9.0,25.0,2013-09-25,104.0,Seabrook Friendship Park C45,18.46285714
483,3,2013.0,9.0,26.0,2013-09-26,85.0,Conroe Relocated C78/A321,16.494
484,3,2013.0,9.0,27.0,2013-09-27,63.0,Wallisville Road C617,14.28708333
485,3,2013.0,9.0,28.0,2013-09-28,55.0,Wallisville Road C617,10.61541667
486,10,2013.0,9.0,29.0,2013-09-29,38.0,Galveston 99th St. C1034/A320/X183,6.639583333
487,11,2013.0,9.0,30.0,2013-09-30,39.0,Conroe Relocated C78/A321,9.087083333
488,7,2014.0,6.0,1.0,2014-06-01,41.0,Lang C408,9.259583333
489,3,2014.0,6.0,2.0,2014-06-02,37.0,Northwest Harris Co. C26/A110/X154,5.9425
490,10,2014.0,6.0,3.0,2014-06-03,34.0,Northwest Harris Co. C26/A110/X154,5.146666667
491,6,2014.0,6.0,4.0,2014-06-04,56.0,Conroe Relocated C78/A321,8.123333333
492,7,2014.0,6.0,5.0,2014-06-05,37.0,Conroe Relocated C78/A321,10.59708333
493,3,2014.0,6.0,6.0,2014-06-06,47.0,Conroe Relocated C78/A321,11.67875
494,3,2014.0,6.0,7.0,2014-06-07,44.0,Conroe Relocated C78/A321,7.560833333
495,3,2014.0,6.0,8.0,2014-06-08,27.0,Conroe Relocated C78/A321,15.64708333
496,3,2014.0,6.0,9.0,2014-06-09,26.0,Conroe Relocated C78/A321,19.8395
497,3,2014.0,6.0,10.0,2014-06-10,63.0,Wallisville Road C617,19.91571429
498,7,2014.0,6.0,11.0,2014-06-11,78.0,Wallisville Road C617,16.01833333
499,7,2014.0,6.0,12.0,2014-06-12,40.0,Conroe Relocated C78/A321,17.18416667
500,11,2014.0,6.0,13.0,2014-06-13,53.0,Lang C408,10.42833333
501,7,2014.0,6.0,14.0,2014-06-14,54.0,Conroe Relocated C78/A321,10.24916667
502,3,2014.0,6.0,15.0,2014-06-15,37.0,Conroe Relocated C78/A321,19.2525
503,1,2014.0,6.0,16.0,2014-06-16,36.0,Conroe Relocated C78/A321,24.78375
504,0,2014.0,6.0,17.0,2014-06-17,40.0,Conroe Relocated C78/A321,18.645
505,0,2014.0,6.0,18.0,2014-06-18,29.0,Conroe Relocated C78/A321,11.2175
506,0,2014.0,6.0,19.0,2014-06-19,46.0,Conroe Relocated C78/A321,16.98458333
507,0,2014.0,6.0,20.0,2014-06-20,56.0,Conroe Relocated C78/A321,9.63625
508,0,2014.0,6.0,21.0,2014-06-21,41.0,Conroe Relocated C78/A321,18.74125
509,2,2014.0,6.0,22.0,2014-06-22,24.0,Conroe Relocated C78/A321,33.70875
510,2,2014.0,6.0,23.0,2014-06-23,30.0,Conroe Relocated C78/A321,26.20041667
511,15,2014.0,6.0,24.0,2014-06-24,28.0,Conroe Relocated C78/A321,14.82
512,0,2014.0,6.0,25.0,2014-06-25,25.0,Conroe Relocated C78/A321,9.126666667
513,0,2014.0,6.0,26.0,2014-06-26,27.0,Galveston 99th St. C1034/A320/X183,9.45
514,2,2014.0,6.0,27.0,2014-06-27,31.0,Conroe Relocated C78/A321,11.02833333
515,2,2014.0,6.0,28.0,2014-06-28,21.0,Conroe Relocated C78/A321,17.96458333
516,0,2014.0,6.0,29.0,2014-06-29,26.0,Conroe Relocated C78/A321,23.04833333
517,12,2014.0,6.0,30.0,2014-06-30,39.0,Conroe Relocated C78/A321,26.4725
518,0,2014.0,7.0,1.0,2014-07-01,48.0,Conroe Relocated C78/A321,20.73388889
519,5,2014.0,7.0,2.0,2014-07-02,53.0,Wallisville Road C617,20.13695652
520,9,2014.0,7.0,3.0,2014-07-03,63.0,Galveston 99th St. C1034/A320/X183,16.1125
521,12,2014.0,7.0,4.0,2014-07-04,65.0,Houston Croquet C409,19.64125
522,12,2014.0,7.0,5.0,2014-07-05,57.0,Galveston 99th St. C1034/A320/X183,21.63791667
523,12,2014.0,7.0,6.0,2014-07-06,59.0,Conroe Relocated C78/A321,14.97416667
524,13,2014.0,7.0,7.0,2014-07-07,45.0,Conroe Relocated C78/A321,15.26083333
525,0,2014.0,7.0,8.0,2014-07-08,34.0,Conroe Relocated C78/A321,16.90958333
526,12,2014.0,7.0,9.0,2014-07-09,55.0,Conroe Relocated C78/A321,23.60166667
527,4,2014.0,7.0,10.0,2014-07-10,42.0,Conroe Relocated C78/A321,16.03291667
528,0,2014.0,7.0,11.0,2014-07-11,65.0,Conroe Relocated C78/A321,23.48916667
529,12,2014.0,7.0,12.0,2014-07-12,66.0,Houston Aldine C8/AF108/X150,22.54291667
530,12,2014.0,7.0,13.0,2014-07-13,67.0,Wallisville Road C617,13.64208333
531,12,2014.0,7.0,14.0,2014-07-14,54.0,Wallisville Road C617,11.60708333
532,13,2014.0,7.0,15.0,2014-07-15,44.0,Seabrook Friendship Park C45,10.28708333
533,15,2014.0,7.0,16.0,2014-07-16,61.0,Wallisville Road C617,15.3125
534,11,2014.0,7.0,17.0,2014-07-17,27.0,Conroe Relocated C78/A321,20.37333333
535,15,2014.0,7.0,18.0,2014-07-18,32.0,Houston Aldine C8/AF108/X150,16.71041667
536,15,2014.0,7.0,19.0,2014-07-19,58.0,Galveston 99th St. C1034/A320/X183,13.60916667
537,12,2014.0,7.0,20.0,2014-07-20,61.0,Park Place C416,16.22208333
538,12,2014.0,7.0,21.0,2014-07-21,58.0,Conroe Relocated C78/A321,15.43695652
539,12,2014.0,7.0,22.0,2014-07-22,58.0,Wallisville Road C617,16.11958333
540,12,2014.0,7.0,23.0,2014-07-23,65.0,Houston East C1/G316,18.09434783
541,12,2014.0,7.0,24.0,2014-07-24,75.0,Houston East C1/G316,17.55
542,13,2014.0,7.0,25.0,2014-07-25,66.0,Wallisville Road C617,17.03083333
543,12,2014.0,7.0,26.0,2014-07-26,34.0,Conroe Relocated C78/A321,20.56208333
544,12,2014.0,7.0,27.0,2014-07-27,33.0,Conroe Relocated C78/A321,14.10583333
545,12,2014.0,7.0,28.0,2014-07-28,54.0,Houston East C1/G316,16.17916667
546,12,2014.0,7.0,29.0,2014-07-29,48.0,Galveston 99th St. C1034/A320/X183,18.66733333
547,12,2014.0,7.0,30.0,2014-07-30,72.0,Conroe Relocated C78/A321,14.84352941
548,13,2014.0,7.0,31.0,2014-07-31,36.0,Conroe Relocated C78/A321,18.92521739
549,13,2014.0,8.0,1.0,2014-08-01,51.0,Wallisville Road C617,12.16571429
550,14,2014.0,8.0,2.0,2014-08-02,47.0,Galveston 99th St. C1034/A320/X183,11.23125
551,13,2014.0,8.0,3.0,2014-08-03,54.0,Galveston 99th St. C1034/A320/X183,16.03291667
552,13,2014.0,8.0,4.0,2014-08-04,56.0,Houston Westhollow C410/C3003,12.64958333
553,13,2014.0,8.0,5.0,2014-08-05,52.0,Northwest Harris Co. C26/A110/X154,10.62625
554,12,2014.0,8.0,6.0,2014-08-06,73.0,Conroe Relocated C78/A321,13.01041667
555,12,2014.0,8.0,7.0,2014-08-07,47.0,Conroe Relocated C78/A321,16.41208333
556,15,2014.0,8.0,8.0,2014-08-08,49.0,Conroe Relocated C78/A321,12.93666667
557,4,2014.0,8.0,9.0,2014-08-09,33.0,Conroe Relocated C78/A321,11.21416667
558,8,2014.0,8.0,10.0,2014-08-10,40.0,Wallisville Road C617,8.229583333
559,13,2014.0,8.0,11.0,2014-08-11,52.0,Wallisville Road C617,9.60375
560,13,2014.0,8.0,12.0,2014-08-12,76.0,Galveston 99th St. C1034/A320/X183,11.59708333
561,13,2014.0,8.0,13.0,2014-08-13,82.0,Manvel Croix Park C84,15.18041667
562,13,2014.0,8.0,14.0,2014-08-14,76.0,Houston Westhollow C410/C3003,13.13458333
563,13,2014.0,8.0,15.0,2014-08-15,73.0,Conroe Relocated C78/A321,12.29583333
564,13,2014.0,8.0,16.0,2014-08-16,35.0,Conroe Relocated C78/A321,7.63125
565,12,2014.0,8.0,17.0,2014-08-17,25.0,Wallisville Road C617,16.28083333
566,8,2014.0,8.0,18.0,2014-08-18,37.0,Conroe Relocated C78/A321,19.69166667
567,15,2014.0,8.0,19.0,2014-08-19,29.0,Conroe Relocated C78/A321,23.60666667
568,2,2014.0,8.0,20.0,2014-08-20,34.0,Conroe Relocated C78/A321,19.62875
569,0,2014.0,8.0,21.0,2014-08-21,37.0,Conroe Relocated C78/A321,24.965
570,12,2014.0,8.0,22.0,2014-08-22,63.0,Conroe Relocated C78/A321,19.81125
571,8,2014.0,8.0,23.0,2014-08-23,55.0,Conroe Relocated C78/A321,13.05125
572,0,2014.0,8.0,24.0,2014-08-24,63.0,Channelview C15/AH115,15.26416667
573,5,2014.0,8.0,25.0,2014-08-25,76.0,Manvel Croix Park C84,14.72041667
574,9,2014.0,8.0,26.0,2014-08-26,62.0,Manvel Croix Park C84,13.15666667
575,13,2014.0,8.0,27.0,2014-08-27,53.0,Houston Croquet C409,11.87416667
576,13,2014.0,8.0,28.0,2014-08-28,47.0,Northwest Harris Co. C26/A110/X154,7.58
577,10,2014.0,8.0,29.0,2014-08-29,51.0,Galveston 99th St. C1034/A320/X183,6.57375
578,6,2014.0,8.0,30.0,2014-08-30,53.0,Conroe Relocated C78/A321,6.001666667
579,0,2014.0,8.0,31.0,2014-08-31,32.0,Conroe Relocated C78/A321,7.900833333
580,0,2014.0,9.0,1.0,2014-09-01,42.0,Conroe Relocated C78/A321,10.63375
581,1,2014.0,9.0,2.0,2014-09-02,41.0,Conroe Relocated C78/A321,9.384583333
582,1,2014.0,9.0,3.0,2014-09-03,39.0,Northwest Harris Co. C26/A110/X154,9.02125
583,1,2014.0,9.0,4.0,2014-09-04,44.0,Conroe Relocated C78/A321,11.06416667
584,0,2014.0,9.0,5.0,2014-09-05,43.0,Northwest Harris Co. C26/A110/X154,10.39083333
585,4,2014.0,9.0,6.0,2014-09-06,44.0,Channelview C15/AH115,9.579166667
586,9,2014.0,9.0,7.0,2014-09-07,39.0,Galveston 99th St. C1034/A320/X183,8.7075
587,10,2014.0,9.0,8.0,2014-09-08,74.0,Houston Bayland Park C53/A146,14.91375
588,0,2014.0,9.0,9.0,2014-09-09,67.0,Conroe Relocated C78/A321,13.79041667
589,2,2014.0,9.0,10.0,2014-09-10,36.0,Conroe Relocated C78/A321,10.48958333
590,6,2014.0,9.0,11.0,2014-09-11,51.0,Conroe Relocated C78/A321,7.772083333
591,6,2014.0,9.0,12.0,2014-09-12,32.0,Galveston 99th St. C1034/A320/X183,8.740833333
592,6,2014.0,9.0,13.0,2014-09-13,22.0,Lake Jackson C1016,7.32875
593,5,2014.0,9.0,14.0,2014-09-14,34.0,Lake Jackson C1016,11.28916667
594,4,2014.0,9.0,15.0,2014-09-15,52.0,Houston Croquet C409,13.07625
595,8,2014.0,9.0,16.0,2014-09-16,35.0,Northwest Harris Co. C26/A110/X154,8.712916667
596,15,2014.0,9.0,17.0,2014-09-17,26.0,Conroe Relocated C78/A321,7.7625
597,7,2014.0,9.0,18.0,2014-09-18,22.0,Galveston 99th St. C1034/A320/X183,7.387083333
598,3,2014.0,9.0,19.0,2014-09-19,40.0,Galveston 99th St. C1034/A320/X183,8.116666667
599,3,2014.0,9.0,20.0,2014-09-20,50.0,Houston Westhollow C410/C3003,8.1425
600,11,2014.0,9.0,21.0,2014-09-21,59.0,Houston Bayland Park C53/A146,14.02791667
601,15,2014.0,9.0,22.0,2014-09-22,58.0,Lake Jackson C1016,17.46958333
602,14,2014.0,9.0,23.0,2014-09-23,58.0,Manvel Croix Park C84,9.720833333
603,14,2014.0,9.0,24.0,2014-09-24,62.0,Houston Bayland Park C53/A146,14.1575
604,9,2014.0,9.0,25.0,2014-09-25,47.0,Galveston 99th St. C1034/A320/X183,13.82625
605,9,2014.0,9.0,26.0,2014-09-26,60.0,Houston Westhollow C410/C3003,14.80208333
606,6,2014.0,9.0,27.0,2014-09-27,47.0,Houston Bayland Park C53/A146,13.6675
607,3,2014.0,9.0,28.0,2014-09-28,42.0,Houston Westhollow C410/C3003,11.18
608,6,2014.0,9.0,29.0,2014-09-29,45.0,Lake Jackson C1016,9.475833333
609,3,2014.0,9.0,30.0,2014-09-30,59.0,Northwest Harris Co. C26/A110/X154,10.71291667
610,11,2015.0,6.0,1.0,2015-06-01,85.0,Manvel Croix Park C84,10.47208333
611,15,2015.0,6.0,2.0,2015-06-02,92.0,Seabrook Friendship Park C45,11.61125
612,11,2015.0,6.0,3.0,2015-06-03,108.0,Houston Aldine C8/AF108/X150,15.2375
613,7,2015.0,6.0,4.0,2015-06-04,91.0,Northwest Harris Co. C26/A110/X154,14.61833333
614,6,2015.0,6.0,5.0,2015-06-05,72.0,Houston Westhollow C410/C3003,15.28916667
615,10,2015.0,6.0,6.0,2015-06-06,92.0,Galveston 99th St. C1034/A320/X183,16.27375
616,6,2015.0,6.0,7.0,2015-06-07,86.0,Houston Aldine C8/AF108/X150,12.07625
617,6,2015.0,6.0,8.0,2015-06-08,68.0,Houston Aldine C8/AF108/X150,9.362916667
618,11,2015.0,6.0,9.0,2015-06-09,67.0,Houston Aldine C8/AF108/X150,14.0075
619,7,2015.0,6.0,10.0,2015-06-10,70.0,Conroe Relocated C78/A321,10.99041667
620,3,2015.0,6.0,11.0,2015-06-11,51.0,Conroe Relocated C78/A321,10.61958333
621,3,2015.0,6.0,12.0,2015-06-12,40.0,Houston Aldine C8/AF108/X150,9.2825
622,3,2015.0,6.0,13.0,2015-06-13,34.0,Conroe Relocated C78/A321,7.007083333
623,3,2015.0,6.0,14.0,2015-06-14,28.0,Houston Aldine C8/AF108/X150,6.795833333
624,3,2015.0,6.0,15.0,2015-06-15,27.0,Houston Westhollow C410/C3003,6.895416667
625,1,2015.0,6.0,16.0,2015-06-16,25.0,Galveston 99th St. C1034/A320/X183,7.1625
626,0,2015.0,6.0,17.0,2015-06-17,24.0,Conroe Relocated C78/A321,23.80958333
627,1,2015.0,6.0,18.0,2015-06-18,20.0,Galveston 99th St. C1034/A320/X183,28.30708333
628,15,2015.0,6.0,19.0,2015-06-19,33.0,Houston Aldine C8/AF108/X150,22.49958333
629,0,2015.0,6.0,20.0,2015-06-20,26.0,Houston Aldine C8/AF108/X150,19.155
630,0,2015.0,6.0,21.0,2015-06-21,36.0,Conroe Relocated C78/A321,23.01666667
631,12,2015.0,6.0,22.0,2015-06-22,52.0,Conroe Relocated C78/A321,12.9375
632,12,2015.0,6.0,23.0,2015-06-23,55.0,Northwest Harris Co. C26/A110/X154,10.60958333
633,12,2015.0,6.0,24.0,2015-06-24,73.0,Houston Aldine C8/AF108/X150,11.58
634,12,2015.0,6.0,25.0,2015-06-25,55.0,Houston Aldine C8/AF108/X150,9.522083333
635,12,2015.0,6.0,26.0,2015-06-26,32.0,Houston Aldine C8/AF108/X150,15.06375
636,13,2015.0,6.0,27.0,2015-06-27,34.0,Houston Aldine C8/AF108/X150,9.845416667
637,15,2015.0,6.0,28.0,2015-06-28,37.0,Conroe Relocated C78/A321,8.177916667
638,15,2015.0,6.0,29.0,2015-06-29,26.0,Conroe Relocated C78/A321,30.3775
639,15,2015.0,6.0,30.0,2015-06-30,32.0,Galveston 99th St. C1034/A320/X183,21.00666667
640,4,2015.0,7.0,1.0,2015-07-01,29.0,Conroe Relocated C78/A321,12.05791667
641,4,2015.0,7.0,2.0,2015-07-02,41.0,Conroe Relocated C78/A321,21.80416667
642,15,2015.0,7.0,3.0,2015-07-03,34.0,Conroe Relocated C78/A321,23.27666667
643,15,2015.0,7.0,4.0,2015-07-04,26.0,Conroe Relocated C78/A321,13.75833333
644,0,2015.0,7.0,5.0,2015-07-05,29.0,Conroe Relocated C78/A321,24.43791667
645,0,2015.0,7.0,6.0,2015-07-06,37.0,Conroe Relocated C78/A321,22.87916667
646,12,2015.0,7.0,7.0,2015-07-07,33.0,Conroe Relocated C78/A321,23.37583333
647,0,2015.0,7.0,8.0,2015-07-08,38.0,Conroe Relocated C78/A321,29.89041667
648,0,2015.0,7.0,9.0,2015-07-09,47.0,Conroe Relocated C78/A321,22.27333333
649,0,2015.0,7.0,10.0,2015-07-10,61.0,Conroe Relocated C78/A321,22.02833333
650,8,2015.0,7.0,11.0,2015-07-11,47.0,Conroe Relocated C78/A321,13.9825
651,12,2015.0,7.0,12.0,2015-07-12,36.0,Houston Aldine C8/AF108/X150,9.664166667
652,12,2015.0,7.0,13.0,2015-07-13,42.0,Houston Aldine C8/AF108/X150,11.5775
653,14,2015.0,7.0,14.0,2015-07-14,48.0,Conroe Relocated C78/A321,9.057083333
654,10,2015.0,7.0,15.0,2015-07-15,63.0,Conroe Relocated C78/A321,9.349166667
655,4,2015.0,7.0,16.0,2015-07-16,56.0,Conroe Relocated C78/A321,10.55625
656,4,2015.0,7.0,17.0,2015-07-17,42.0,Conroe Relocated C78/A321,12.66166667
657,0,2015.0,7.0,18.0,2015-07-18,42.0,Conroe Relocated C78/A321,13.95
658,12,2015.0,7.0,19.0,2015-07-19,43.0,Houston Aldine C8/AF108/X150,12.13541667
659,12,2015.0,7.0,20.0,2015-07-20,48.0,Conroe Relocated C78/A321,11.45458333
660,14,2015.0,7.0,21.0,2015-07-21,39.0,Houston Aldine C8/AF108/X150,13.32416667
661,1,2015.0,7.0,22.0,2015-07-22,39.0,Conroe Relocated C78/A321,13.83583333
662,0,2015.0,7.0,23.0,2015-07-23,40.0,Conroe Relocated C78/A321,16.415
663,12,2015.0,7.0,24.0,2015-07-24,54.0,Conroe Relocated C78/A321,12.11416667
664,12,2015.0,7.0,25.0,2015-07-25,48.0,Houston Aldine C8/AF108/X150,10.08
665,12,2015.0,7.0,26.0,2015-07-26,44.0,Houston Aldine C8/AF108/X150,11.69
666,13,2015.0,7.0,27.0,2015-07-27,59.0,Conroe Relocated C78/A321,11.74333333
667,0,2015.0,7.0,28.0,2015-07-28,65.0,Conroe Relocated C78/A321,16.28666667
668,12,2015.0,7.0,29.0,2015-07-29,69.0,Hou.DeerPrk2 C35/235/1001/AFH139FP239,19.50416667
669,12,2015.0,7.0,30.0,2015-07-30,71.0,Manvel Croix Park C84,18.81083333
670,12,2015.0,7.0,31.0,2015-07-31,76.0,Galveston 99th St. C1034/A320/X183,19.71625
671,12,2015.0,8.0,1.0,2015-08-01,71.0,Manvel Croix Park C84,12.44166667
672,14,2015.0,8.0,2.0,2015-08-02,87.0,Manvel Croix Park C84,13.62666667
673,10,2015.0,8.0,3.0,2015-08-03,101.0,Houston East C1/G316,16.61909091
674,15,2015.0,8.0,4.0,2015-08-04,42.0,Conroe Relocated C78/A321,19.3775
675,12,2015.0,8.0,5.0,2015-08-05,42.0,Conroe Relocated C78/A321,12.97625
676,12,2015.0,8.0,6.0,2015-08-06,42.0,Houston Aldine C8/AF108/X150,16.1075
677,13,2015.0,8.0,7.0,2015-08-07,53.0,Conroe Relocated C78/A321,13.34333333
678,0,2015.0,8.0,8.0,2015-08-08,45.0,Houston Aldine C8/AF108/X150,20.50541667
679,8,2015.0,8.0,9.0,2015-08-09,58.0,Houston Aldine C8/AF108/X150,15.0325
680,12,2015.0,8.0,10.0,2015-08-10,85.0,Park Place C416,13.70416667
681,13,2015.0,8.0,11.0,2015-08-11,75.0,Galveston 99th St. C1034/A320/X183,14.45681818
682,12,2015.0,8.0,12.0,2015-08-12,102.0,Houston Aldine C8/AF108/X150,15.798
683,12,2015.0,8.0,13.0,2015-08-13,95.0,Houston Aldine C8/AF108/X150,17.05
684,12,2015.0,8.0,14.0,2015-08-14,73.0,Houston Westhollow C410/C3003,14.81041667
685,12,2015.0,8.0,15.0,2015-08-15,65.0,Houston Westhollow C410/C3003,14.13583333
686,13,2015.0,8.0,16.0,2015-08-16,71.0,HRM-3 Haden Road C603/A114,14.62708333
687,14,2015.0,8.0,17.0,2015-08-17,86.0,Houston Aldine C8/AF108/X150,9.733076923
688,0,2015.0,8.0,18.0,2015-08-18,42.0,Conroe Relocated C78/A321,8.314166667
689,3,2015.0,8.0,19.0,2015-08-19,33.0,Conroe Relocated C78/A321,9.380833333
690,7,2015.0,8.0,20.0,2015-08-20,40.0,Galveston 99th St. C1034/A320/X183,6.868333333
691,0,2015.0,8.0,21.0,2015-08-21,52.0,HRM-3 Haden Road C603/A114,8.2225
692,0,2015.0,8.0,22.0,2015-08-22,32.0,Conroe Relocated C78/A321,7.812916667
693,0,2015.0,8.0,23.0,2015-08-23,42.0,Houston Aldine C8/AF108/X150,8.201666667
694,12,2015.0,8.0,24.0,2015-08-24,77.0,Park Place C416,10.47916667
695,12,2015.0,8.0,25.0,2015-08-25,56.0,Galveston 99th St. C1034/A320/X183,9.42875
696,12,2015.0,8.0,26.0,2015-08-26,76.0,Houston Croquet C409,12.76708333
697,12,2015.0,8.0,27.0,2015-08-27,86.0,Manvel Croix Park C84,16.42083333
698,13,2015.0,8.0,28.0,2015-08-28,99.0,Park Place C416,18.23708333
699,14,2015.0,8.0,29.0,2015-08-29,105.0,Houston Aldine C8/AF108/X150,14.23875
700,13,2015.0,8.0,30.0,2015-08-30,80.0,Houston Aldine C8/AF108/X150,13.70666667
701,14,2015.0,8.0,31.0,2015-08-31,46.0,Conroe Relocated C78/A321,11.88083333
702,4,2015.0,9.0,1.0,2015-09-01,44.0,Galveston 99th St. C1034/A320/X183,6.70375
703,8,2015.0,9.0,2.0,2015-09-02,50.0,Lang C408,5.93375
704,13,2015.0,9.0,3.0,2015-09-03,47.0,Lang C408,5.657916667
705,6,2015.0,9.0,4.0,2015-09-04,46.0,Conroe Relocated C78/A321,7.673333333
706,0,2015.0,9.0,5.0,2015-09-05,27.0,Conroe Relocated C78/A321,13.20291667
707,8,2015.0,9.0,6.0,2015-09-06,45.0,Wallisville Road C617,13.13416667
708,13,2015.0,9.0,7.0,2015-09-07,48.0,Houston Aldine C8/AF108/X150,10.53083333
709,14,2015.0,9.0,8.0,2015-09-08,67.0,Houston Aldine C8/AF108/X150,12.39875
710,11,2015.0,9.0,9.0,2015-09-09,37.0,Galveston 99th St. C1034/A320/X183,10.38434783
711,11,2015.0,9.0,10.0,2015-09-10,32.0,Conroe Relocated C78/A321,10.42166667
712,11,2015.0,9.0,11.0,2015-09-11,29.0,Conroe Relocated C78/A321,8.370416667
713,11,2015.0,9.0,12.0,2015-09-12,53.0,Manvel Croix Park C84,8.029166667
714,11,2015.0,9.0,13.0,2015-09-13,59.0,Northwest Harris Co. C26/A110/X154,9.032083333
715,7,2015.0,9.0,14.0,2015-09-14,64.0,Northwest Harris Co. C26/A110/X154,15.39
716,0,2015.0,9.0,15.0,2015-09-15,39.0,Houston Aldine C8/AF108/X150,8.127916667
717,0,2015.0,9.0,16.0,2015-09-16,48.0,Northwest Harris Co. C26/A110/X154,7.315416667
718,8,2015.0,9.0,17.0,2015-09-17,59.0,Northwest Harris Co. C26/A110/X154,8.308095238
719,6,2015.0,9.0,18.0,2015-09-18,67.0,Conroe Relocated C78/A321,11.16666667
720,7,2015.0,9.0,19.0,2015-09-19,68.0,Houston Westhollow C410/C3003,10.38916667
721,7,2015.0,9.0,20.0,2015-09-20,71.0,HRM-3 Haden Road C603/A114,13.83916667
722,11,2015.0,9.0,21.0,2015-09-21,90.0,Houston Bayland Park C53/A146,19.85583333
723,11,2015.0,9.0,22.0,2015-09-22,71.0,Houston Croquet C409,13.92333333
724,10,2015.0,9.0,23.0,2015-09-23,76.0,Manvel Croix Park C84,13.4275
725,6,2015.0,9.0,24.0,2015-09-24,66.0,Houston Westhollow C410/C3003,15.91291667
726,10,2015.0,9.0,25.0,2015-09-25,74.0,Galveston 99th St. C1034/A320/X183,19.26777778
727,11,2015.0,9.0,26.0,2015-09-26,82.0,Galveston 99th St. C1034/A320/X183,15.19541667
728,7,2015.0,9.0,27.0,2015-09-27,47.0,Galveston 99th St. C1034/A320/X183,15.72833333
729,7,2015.0,9.0,28.0,2015-09-28,34.0,Lake Jackson C1016,7.471666667
730,7,2015.0,9.0,29.0,2015-09-29,36.0,Houston Westhollow C410/C3003,8.218333333
731,7,2015.0,9.0,30.0,2015-09-30,49.0,Manvel Croix Park C84,12.69416667
732,3,2016.0,6.0,1.0,2016-06-01,30.0,Galveston 99th St. C1034/A320/X183,8.439166667
733,3,2016.0,6.0,2.0,2016-06-02,43.0,Conroe Relocated C78/A321,10.12875
734,11,2016.0,6.0,3.0,2016-06-03,59.0,Galveston 99th St. C1034/A320/X183,12.30772727
735,11,2016.0,6.0,4.0,2016-06-04,50.0,Galveston 99th St. C1034/A320/X183,15.59208333
736,7,2016.0,6.0,5.0,2016-06-05,63.0,Galveston 99th St. C1034/A320/X183,12.41125
737,7,2016.0,6.0,6.0,2016-06-06,69.0,Manvel Croix Park C84,9.63125
738,7,2016.0,6.0,7.0,2016-06-07,67.0,Houston Croquet C409,11.16
739,7,2016.0,6.0,8.0,2016-06-08,78.0,Houston Westhollow C410/C3003,13.40583333
740,7,2016.0,6.0,9.0,2016-06-09,66.0,Galveston 99th St. C1034/A320/X183,13.7525
741,2,2016.0,6.0,10.0,2016-06-10,55.0,Houston Aldine C8/AF108/X150,8.584166667
742,0,2016.0,6.0,11.0,2016-06-11,41.0,Conroe Relocated C78/A321,8.212916667
743,12,2016.0,6.0,12.0,2016-06-12,30.0,Conroe Relocated C78/A321,8.767083333
744,12,2016.0,6.0,13.0,2016-06-13,32.0,Conroe Relocated C78/A321,10.28416667
745,0,2016.0,6.0,14.0,2016-06-14,43.0,Conroe Relocated C78/A321,18.03666667
746,0,2016.0,6.0,15.0,2016-06-15,32.0,Houston Aldine C8/AF108/X150,22.70416667
747,0,2016.0,6.0,16.0,2016-06-16,54.0,Conroe Relocated C78/A321,16.07125
748,12,2016.0,6.0,17.0,2016-06-17,58.0,Houston Aldine C8/AF108/X150,11.40041667
749,13,2016.0,6.0,18.0,2016-06-18,45.0,Wallisville Road C617,10.37
750,12,2016.0,6.0,19.0,2016-06-19,54.0,Houston Westhollow C410/C3003,9.131666667
751,12,2016.0,6.0,20.0,2016-06-20,43.0,Galveston 99th St. C1034/A320/X183,12.96166667
752,12,2016.0,6.0,21.0,2016-06-21,52.0,Houston Aldine C8/AF108/X150,12.00708333
753,12,2016.0,6.0,22.0,2016-06-22,58.0,Conroe Relocated C78/A321,8.135454545
754,12,2016.0,6.0,23.0,2016-06-23,64.0,Conroe Relocated C78/A321,8.679166667
755,12,2016.0,6.0,24.0,2016-06-24,52.0,Conroe Relocated C78/A321,10.19791667
756,8,2016.0,6.0,25.0,2016-06-25,41.0,Conroe Relocated C78/A321,10.60086957
757,8,2016.0,6.0,26.0,2016-06-26,43.0,Houston Aldine C8/AF108/X150,10.70166667
758,12,2016.0,6.0,27.0,2016-06-27,67.0,Houston East C1/G316,12.27
759,12,2016.0,6.0,28.0,2016-06-28,53.0,Galveston 99th St. C1034/A320/X183,10.68043478
760,13,2016.0,6.0,29.0,2016-06-29,61.0,Manvel Croix Park C84,10.21411765
761,13,2016.0,6.0,30.0,2016-06-30,69.0,Manvel Croix Park C84,11.98333333
762,14,2016.0,7.0,1.0,2016-07-01,67.0,Northwest Harris Co. C26/A110/X154,10.87541667
763,12,2016.0,7.0,2.0,2016-07-02,35.0,Conroe Relocated C78/A321,16.02375
764,12,2016.0,7.0,3.0,2016-07-03,26.0,Conroe Relocated C78/A321,12.46125
765,12,2016.0,7.0,4.0,2016-07-04,33.0,Conroe Relocated C78/A321,13.66375
766,12,2016.0,7.0,5.0,2016-07-05,43.0,Conroe Relocated C78/A321,12.17333333
767,12,2016.0,7.0,6.0,2016-07-06,36.0,Conroe Relocated C78/A321,10.69666667
768,12,2016.0,7.0,7.0,2016-07-07,43.0,Conroe Relocated C78/A321,11.612
769,12,2016.0,7.0,8.0,2016-07-08,43.0,Conroe Relocated C78/A321,18.41083333
770,12,2016.0,7.0,9.0,2016-07-09,37.0,Conroe Relocated C78/A321,15.91666667
771,12,2016.0,7.0,10.0,2016-07-10,24.0,Conroe Relocated C78/A321,31.50875
772,0,2016.0,7.0,11.0,2016-07-11,34.0,Conroe Relocated C78/A321,29.39416667
773,0,2016.0,7.0,12.0,2016-07-12,42.0,Conroe Relocated C78/A321,14.07208333
774,8,2016.0,7.0,13.0,2016-07-13,40.0,Conroe Relocated C78/A321,11.96041667
775,12,2016.0,7.0,14.0,2016-07-14,44.0,Conroe Relocated C78/A321,16.23166667
776,12,2016.0,7.0,15.0,2016-07-15,40.0,Houston Aldine C8/AF108/X150,23.06583333
777,12,2016.0,7.0,16.0,2016-07-16,59.0,Houston Aldine C8/AF108/X150,13.38416667
778,8,2016.0,7.0,17.0,2016-07-17,44.0,Houston Aldine C8/AF108/X150,9.19125
779,12,2016.0,7.0,18.0,2016-07-18,47.0,Houston Aldine C8/AF108/X150,6.48875
780,12,2016.0,7.0,19.0,2016-07-19,40.0,Houston Westhollow C410/C3003,8.095416667
781,12,2016.0,7.0,20.0,2016-07-20,54.0,Houston Aldine C8/AF108/X150,8.77
782,12,2016.0,7.0,21.0,2016-07-21,79.0,Northwest Harris Co. C26/A110/X154,9.825416667
783,12,2016.0,7.0,22.0,2016-07-22,83.0,Houston Aldine C8/AF108/X150,9.450833333
784,12,2016.0,7.0,23.0,2016-07-23,54.0,Conroe Relocated C78/A321,7.285
785,8,2016.0,7.0,24.0,2016-07-24,44.0,Houston Aldine C8/AF108/X150,6.25875
786,12,2016.0,7.0,25.0,2016-07-25,37.0,Lang C408,7.234090909
787,13,2016.0,7.0,26.0,2016-07-26,50.0,Conroe Relocated C78/A321,7.752916667
788,13,2016.0,7.0,27.0,2016-07-27,31.0,Houston Westhollow C410/C3003,14.81125
789,13,2016.0,7.0,28.0,2016-07-28,44.0,Seabrook Friendship Park C45,10.45
790,9,2016.0,7.0,29.0,2016-07-29,52.0,Houston Aldine C8/AF108/X150,9.8825
791,4,2016.0,7.0,30.0,2016-07-30,40.0,Wallisville Road C617,8.28
792,0,2016.0,7.0,31.0,2016-07-31,31.0,Conroe Relocated C78/A321,11.17833333
793,4,2016.0,8.0,1.0,2016-08-01,55.0,Conroe Relocated C78/A321,18.49208333
794,12,2016.0,8.0,2.0,2016-08-02,58.0,Houston Aldine C8/AF108/X150,11.99166667
795,12,2016.0,8.0,3.0,2016-08-03,89.0,Houston Aldine C8/AF108/X150,8.251666667
796,12,2016.0,8.0,4.0,2016-08-04,71.0,Conroe Relocated C78/A321,11.94416667
797,13,2016.0,8.0,5.0,2016-08-05,60.0,Conroe Relocated C78/A321,9.04875
798,9,2016.0,8.0,6.0,2016-08-06,43.0,Wallisville Road C617,15.31375
799,9,2016.0,8.0,7.0,2016-08-07,47.0,Wallisville Road C617,15.13541667
800,9,2016.0,8.0,8.0,2016-08-08,61.0,Houston Aldine C8/AF108/X150,13.93208333
801,10,2016.0,8.0,9.0,2016-08-09,64.0,Houston Aldine C8/AF108/X150,10.36416667
802,0,2016.0,8.0,10.0,2016-08-10,47.0,Conroe Relocated C78/A321,11.64125
803,12,2016.0,8.0,11.0,2016-08-11,40.0,Wallisville Road C617,10.86166667
804,12,2016.0,8.0,12.0,2016-08-12,39.0,Conroe Relocated C78/A321,13.26416667
805,15,2016.0,8.0,13.0,2016-08-13,49.0,Conroe Relocated C78/A321,14.94833333
806,11,2016.0,8.0,14.0,2016-08-14,32.0,Houston Aldine C8/AF108/X150,7.122083333
807,10,2016.0,8.0,15.0,2016-08-15,34.0,Galveston 99th St. C1034/A320/X183,6.727916667
808,4,2016.0,8.0,16.0,2016-08-16,30.0,Galveston 99th St. C1034/A320/X183,6.345833333
809,8,2016.0,8.0,17.0,2016-08-17,30.0,Galveston 99th St. C1034/A320/X183,5.690833333
810,8,2016.0,8.0,18.0,2016-08-18,26.0,Conroe Relocated C78/A321,8.7125
811,0,2016.0,8.0,19.0,2016-08-19,32.0,Conroe Relocated C78/A321,10.755
812,1,2016.0,8.0,20.0,2016-08-20,29.0,Conroe Relocated C78/A321,12.235
813,7,2016.0,8.0,21.0,2016-08-21,33.0,Houston Bayland Park C53/A146,7.079583333
814,0,2016.0,8.0,22.0,2016-08-22,25.0,Conroe Relocated C78/A321,7.520833333
815,0,2016.0,8.0,23.0,2016-08-23,41.0,Conroe Relocated C78/A321,9.665416667
816,12,2016.0,8.0,24.0,2016-08-24,43.0,Conroe Relocated C78/A321,9.561666667
817,12,2016.0,8.0,25.0,2016-08-25,47.0,Galveston 99th St. C1034/A320/X183,9.3
818,4,2016.0,8.0,26.0,2016-08-26,60.0,Manvel Croix Park C84,7.72625
819,0,2016.0,8.0,27.0,2016-08-27,56.0,Lake Jackson C1016,8.480833333
820,9,2016.0,8.0,28.0,2016-08-28,44.0,Manvel Croix Park C84,6.886666667
821,9,2016.0,8.0,29.0,2016-08-29,41.0,Galveston 99th St. C1034/A320/X183,7.670416667
822,9,2016.0,8.0,30.0,2016-08-30,52.0,Galveston 99th St. C1034/A320/X183,9.122916667
823,10,2016.0,8.0,31.0,2016-08-31,52.0,Galveston 99th St. C1034/A320/X183,14.14958333
824,10,2016.0,9.0,1.0,2016-09-01,65.0,Lake Jackson C1016,15.26166667
825,15,2016.0,9.0,2.0,2016-09-02,66.0,Manvel Croix Park C84,16.885
826,15,2016.0,9.0,3.0,2016-09-03,68.0,Manvel Croix Park C84,16.72541667
827,0,2016.0,9.0,4.0,2016-09-04,50.0,Lang C408,13.08416667
828,0,2016.0,9.0,5.0,2016-09-05,31.0,Conroe Relocated C78/A321,8.350833333
829,0,2016.0,9.0,6.0,2016-09-06,50.0,Conroe Relocated C78/A321,10.9925
830,12,2016.0,9.0,7.0,2016-09-07,44.0,Conroe Relocated C78/A321,12.295
831,12,2016.0,9.0,8.0,2016-09-08,49.0,Conroe Relocated C78/A321,10.99608696
832,13,2016.0,9.0,9.0,2016-09-09,35.0,Conroe Relocated C78/A321,8.634583333
833,13,2016.0,9.0,10.0,2016-09-10,35.0,Galveston 99th St. C1034/A320/X183,7.8375
834,12,2016.0,9.0,11.0,2016-09-11,58.0,Manvel Croix Park C84,7.559583333
835,12,2016.0,9.0,12.0,2016-09-12,64.0,Houston Bayland Park C53/A146,10.17375
836,1,2016.0,9.0,13.0,2016-09-13,41.0,Houston Westhollow C410/C3003,7.936666667
837,4,2016.0,9.0,14.0,2016-09-14,52.0,Manvel Croix Park C84,8.449583333
838,12,2016.0,9.0,15.0,2016-09-15,54.0,Houston Westhollow C410/C3003,9.465833333
839,0,2016.0,9.0,16.0,2016-09-16,40.0,Houston Westhollow C410/C3003,6.919166667
840,0,2016.0,9.0,17.0,2016-09-17,64.0,Seabrook Friendship Park C45,9.310833333
841,13,2016.0,9.0,18.0,2016-09-18,43.0,Wallisville Road C617,11.51958333
842,13,2016.0,9.0,19.0,2016-09-19,84.0,HRM-3 Haden Road C603/A114,11.93166667
843,12,2016.0,9.0,20.0,2016-09-20,51.0,Seabrook Friendship Park C45,15.12375
844,12,2016.0,9.0,21.0,2016-09-21,74.0,Houston Croquet C409,14.94208333
845,13,2016.0,9.0,22.0,2016-09-22,54.0,Northwest Harris Co. C26/A110/X154,13.93708333
846,1,2016.0,9.0,23.0,2016-09-23,30.0,Conroe Relocated C78/A321,8.96625
847,1,2016.0,9.0,24.0,2016-09-24,26.0,Conroe Relocated C78/A321,6.958333333
848,1,2016.0,9.0,25.0,2016-09-25,26.0,Wallisville Road C617,5.484583333
849,5,2016.0,9.0,26.0,2016-09-26,44.0,Manvel Croix Park C84,7.11952381
850,10,2016.0,9.0,27.0,2016-09-27,52.0,Manvel Croix Park C84,11.79913043
851,11,2016.0,9.0,28.0,2016-09-28,75.0,Manvel Croix Park C84,12.96916667
852,14,2016.0,9.0,29.0,2016-09-29,73.0,Lake Jackson C1016,13.86083333
853,12,2016.0,9.0,30.0,2016-09-30,66.0,Manvel Croix Park C84,9.54125
854,2,2017.0,6.0,1.0,2017-06-01,36.0,Northwest Harris Co. C26/A110/X154,6.194545455
855,3,2017.0,6.0,2.0,2017-06-02,35.0,Northwest Harris Co. C26/A110/X154,7.182083333
856,3,2017.0,6.0,3.0,2017-06-03,45.0,Lang C408,7.73625
857,7,2017.0,6.0,4.0,2017-06-04,42.0,Houston Aldine C8/AF108/X150,5.648333333
858,7,2017.0,6.0,5.0,2017-06-05,56.0,Galveston 99th St. C1034/A320/X183,7.427916667
859,7,2017.0,6.0,6.0,2017-06-06,56.0,Galveston 99th St. C1034/A320/X183,8.167083333
860,7,2017.0,6.0,7.0,2017-06-07,65.0,Manvel Croix Park C84,9.51
861,11,2017.0,6.0,8.0,2017-06-08,87.0,Manvel Croix Park C84,9.744166667
862,7,2017.0,6.0,9.0,2017-06-09,76.0,Northwest Harris Co. C26/A110/X154,11.73416667
863,7,2017.0,6.0,10.0,2017-06-10,65.0,Conroe Relocated C78/A321,10.59833333
864,3,2017.0,6.0,11.0,2017-06-11,50.0,Northwest Harris Co. C26/A110/X154,6.862916667
865,1,2017.0,6.0,12.0,2017-06-12,45.0,Northwest Harris Co. C26/A110/X154,8.868333333
866,1,2017.0,6.0,13.0,2017-06-13,32.0,Conroe Relocated C78/A321,14.57
867,2,2017.0,6.0,14.0,2017-06-14,41.0,Conroe Relocated C78/A321,11.04958333
868,0,2017.0,6.0,15.0,2017-06-15,34.0,Houston Aldine C8/AF108/X150,10.87416667
869,14,2017.0,6.0,16.0,2017-06-16,33.0,Houston Aldine C8/AF108/X150,8.488333333
870,11,2017.0,6.0,17.0,2017-06-17,36.0,Conroe Relocated C78/A321,7.84375
871,7,2017.0,6.0,18.0,2017-06-18,34.0,Conroe Relocated C78/A321,8.757916667
872,7,2017.0,6.0,19.0,2017-06-19,61.0,Houston Bayland Park C53/A146,9.094583333
873,10,2017.0,6.0,20.0,2017-06-20,42.0,Manvel Croix Park C84,11.615
874,11,2017.0,6.0,21.0,2017-06-21,27.0,Northwest Harris Co. C26/A110/X154,4.73375
875,7,2017.0,6.0,22.0,2017-06-22,37.0,Galveston 99th St. C1034/A320/X183,7.956666667
876,7,2017.0,6.0,23.0,2017-06-23,50.0,Conroe Relocated C78/A321,13.20166667
877,15,2017.0,6.0,24.0,2017-06-24,37.0,Galveston 99th St. C1034/A320/X183,9.141666667
878,12,2017.0,6.0,25.0,2017-06-25,34.0,Manvel Croix Park C84,8.54875
879,12,2017.0,6.0,26.0,2017-06-26,47.0,Houston Bayland Park C53/A146,12.25458333
880,14,2017.0,6.0,27.0,2017-06-27,40.0,Northwest Harris Co. C26/A110/X154,6.873333333
881,6,2017.0,6.0,28.0,2017-06-28,37.0,Houston Westhollow C410/C3003,5.090666667
882,2,2017.0,6.0,29.0,2017-06-29,35.0,Conroe Relocated C78/A321,14.02
883,0,2017.0,6.0,30.0,2017-06-30,36.0,Conroe Relocated C78/A321,24.9575
884,8,2017.0,7.0,1.0,2017-07-01,36.0,Conroe Relocated C78/A321,34.49791667
885,12,2017.0,7.0,2.0,2017-07-02,40.0,Conroe Relocated C78/A321,20.48208333
886,12,2017.0,7.0,3.0,2017-07-03,39.0,Conroe Relocated C78/A321,9.433333333
887,12,2017.0,7.0,4.0,2017-07-04,37.0,Conroe Relocated C78/A321,11.20083333
888,12,2017.0,7.0,5.0,2017-07-05,39.0,Conroe Relocated C78/A321,10.63625
889,12,2017.0,7.0,6.0,2017-07-06,54.0,Northwest Harris Co. C26/A110/X154,8.76875
890,12,2017.0,7.0,7.0,2017-07-07,50.0,Houston Aldine C8/AF108/X150,7.9
891,12,2017.0,7.0,8.0,2017-07-08,44.0,Houston Aldine C8/AF108/X150,8.020833333
892,12,2017.0,7.0,9.0,2017-07-09,41.0,Galveston 99th St. C1034/A320/X183,6.312083333
893,12,2017.0,7.0,10.0,2017-07-10,42.0,Seabrook Friendship Park C45,10.28958333
894,8,2017.0,7.0,11.0,2017-07-11,36.0,Conroe Relocated C78/A321,11.15583333
895,0,2017.0,7.0,12.0,2017-07-12,26.0,Northwest Harris Co. C26/A110/X154,10.26928571
896,8,2017.0,7.0,13.0,2017-07-13,40.0,Houston Aldine C8/AF108/X150,8.181666667
897,12,2017.0,7.0,14.0,2017-07-14,59.0,Seabrook Friendship Park C45,10.85916667
898,12,2017.0,7.0,15.0,2017-07-15,41.0,Galveston 99th St. C1034/A320/X183,8.75875
899,12,2017.0,7.0,16.0,2017-07-16,60.0,Houston Bayland Park C53/A146,9.458333333
900,14,2017.0,7.0,17.0,2017-07-17,55.0,Northwest Harris Co. C26/A110/X154,8.375
901,9,2017.0,7.0,18.0,2017-07-18,51.0,Houston Aldine C8/AF108/X150,6.955217391
902,12,2017.0,7.0,19.0,2017-07-19,50.0,Conroe Relocated C78/A321,8.1725
903,12,2017.0,7.0,20.0,2017-07-20,57.0,Seabrook Friendship Park C45,9.615
904,12,2017.0,7.0,21.0,2017-07-21,48.0,Conroe Relocated C78/A321,10.88791667
905,12,2017.0,7.0,22.0,2017-07-22,35.0,Conroe Relocated C78/A321,8.015416667
906,8,2017.0,7.0,23.0,2017-07-23,31.0,Conroe Relocated C78/A321,19.3625
907,14,2017.0,7.0,24.0,2017-07-24,35.0,Houston Aldine C8/AF108/X150,32.13041667
908,12,2017.0,7.0,25.0,2017-07-25,47.0,Conroe Relocated C78/A321,23.17666667
909,12,2017.0,7.0,26.0,2017-07-26,50.0,Conroe Relocated C78/A321,8.922916667
910,12,2017.0,7.0,27.0,2017-07-27,57.0,Conroe Relocated C78/A321,11.615
911,12,2017.0,7.0,28.0,2017-07-28,47.0,Houston Aldine C8/AF108/X150,12.2425
912,14,2017.0,7.0,29.0,2017-07-29,49.0,Houston Aldine C8/AF108/X150,9.394166667
913,13,2017.0,7.0,30.0,2017-07-30,52.0,Manvel Croix Park C84,11.41666667
914,12,2017.0,7.0,31.0,2017-07-31,65.0,Manvel Croix Park C84,13.405
915,12,2017.0,8.0,1.0,2017-08-01,62.0,Houston Bayland Park C53/A146,11.875
916,13,2017.0,8.0,2.0,2017-08-02,41.0,Galveston 99th St. C1034/A320/X183,7.875
917,12,2017.0,8.0,3.0,2017-08-03,60.0,Houston Bayland Park C53/A146,13.46125
918,12,2017.0,8.0,4.0,2017-08-04,78.0,Seabrook Friendship Park C45,13.20833333
919,12,2017.0,8.0,5.0,2017-08-05,44.0,Conroe Relocated C78/A321,10.19291667
920,0,2017.0,8.0,6.0,2017-08-06,23.0,Conroe Relocated C78/A321,15.56333333
921,15,2017.0,8.0,7.0,2017-08-07,32.0,Northwest Harris Co. C26/A110/X154,10.89916667
922,15,2017.0,8.0,8.0,2017-08-08,42.0,Channelview C15/AH115,7.355416667
923,14,2017.0,8.0,9.0,2017-08-09,59.0,Wallisville Road C617,10.72041667
924,12,2017.0,8.0,10.0,2017-08-10,41.0,Houston Aldine C8/AF108/X150,12.12625
925,12,2017.0,8.0,11.0,2017-08-11,38.0,Houston Aldine C8/AF108/X150,10.63166667
926,12,2017.0,8.0,12.0,2017-08-12,40.0,Houston Aldine C8/AF108/X150,9.970416667
927,13,2017.0,8.0,13.0,2017-08-13,30.0,Conroe Relocated C78/A321,8.187916667
928,15,2017.0,8.0,14.0,2017-08-14,39.0,Conroe Relocated C78/A321,12.00625
929,2,2017.0,8.0,15.0,2017-08-15,31.0,Conroe Relocated C78/A321,9.868333333
930,0,2017.0,8.0,16.0,2017-08-16,36.0,Conroe Relocated C78/A321,15.6175
931,0,2017.0,8.0,17.0,2017-08-17,37.0,Conroe Relocated C78/A321,15.36916667
932,12,2017.0,8.0,18.0,2017-08-18,45.0,Houston Aldine C8/AF108/X150,10.88
933,12,2017.0,8.0,19.0,2017-08-19,50.0,HRM-3 Haden Road C603/A114,8.443333333
934,13,2017.0,8.0,20.0,2017-08-20,46.0,Houston Aldine C8/AF108/X150,7.999166667
935,8,2017.0,8.0,21.0,2017-08-21,63.0,Northwest Harris Co. C26/A110/X154,8.952916667
936,12,2017.0,8.0,22.0,2017-08-22,65.0,Clinton C403/C304/AH113,8.5025
937,12,2017.0,8.0,23.0,2017-08-23,50.0,Houston Croquet C409,10.29166667
938,11,2017.0,8.0,24.0,2017-08-24,46.0,Northwest Harris Co. C26/A110/X154,13.0
939,3,2017.0,8.0,25.0,2017-08-25,23.0,Conroe Relocated C78/A321,7.62125
940,1,2017.0,8.0,26.0,2017-08-26,28.0,Northwest Harris Co. C26/A110/X154,2.91
941,14,2017.0,8.0,27.0,2017-08-27,30.0,Conroe Relocated C78/A321,1.494583333
942,11,2017.0,8.0,28.0,2017-08-28,34.0,Northwest Harris Co. C26/A110/X154,2.109583333
943,11,2017.0,8.0,29.0,2017-08-29,35.0,Northwest Harris Co. C26/A110/X154,6.211666667
944,11,2017.0,8.0,30.0,2017-08-30,42.0,Northwest Harris Co. C26/A110/X154,12.75125
945,11,2017.0,8.0,31.0,2017-08-31,57.0,Wallisville Road C617,14.92041667
946,11,2017.0,9.0,1.0,2017-09-01,96.0,Houston Bayland Park C53/A146,21.615
947,15,2017.0,9.0,2.0,2017-09-02,77.0,Clinton C403/C304/AH113,17.76291667
948,12,2017.0,9.0,3.0,2017-09-03,78.0,Clinton C403/C304/AH113,19.22333333
949,12,2017.0,9.0,4.0,2017-09-04,74.0,Northwest Harris Co. C26/A110/X154,20.01625
950,15,2017.0,9.0,5.0,2017-09-05,67.0,Park Place C416,16.9525
951,15,2017.0,9.0,6.0,2017-09-06,43.0,Manvel Croix Park C84,9.6975
952,11,2017.0,9.0,7.0,2017-09-07,63.0,Manvel Croix Park C84,12.22208333
953,15,2017.0,9.0,8.0,2017-09-08,69.0,Manvel Croix Park C84,14.12083333
954,14,2017.0,9.0,9.0,2017-09-09,65.0,Manvel Croix Park C84,10.59125
955,14,2017.0,9.0,10.0,2017-09-10,60.0,Manvel Croix Park C84,12.58041667
956,14,2017.0,9.0,11.0,2017-09-11,60.0,Manvel Croix Park C84,13.35708333
957,11,2017.0,9.0,12.0,2017-09-12,89.0,Seabrook Friendship Park C45,19.3835
958,7,2017.0,9.0,13.0,2017-09-13,71.0,Houston Aldine C8/AF108/X150,16.94958333
959,7,2017.0,9.0,14.0,2017-09-14,82.0,Conroe Relocated C78/A321,13.43916667
960,6,2017.0,9.0,15.0,2017-09-15,65.0,Conroe Relocated C78/A321,10.18916667
961,2,2017.0,9.0,16.0,2017-09-16,66.0,Houston Aldine C8/AF108/X150,11.34208333
962,0,2017.0,9.0,17.0,2017-09-17,58.0,Houston Aldine C8/AF108/X150,11.63458333
963,0,2017.0,9.0,18.0,2017-09-18,30.0,Conroe Relocated C78/A321,7.88125
964,15,2017.0,9.0,19.0,2017-09-19,42.0,Conroe Relocated C78/A321,9.375833333
965,2,2017.0,9.0,20.0,2017-09-20,38.0,Conroe Relocated C78/A321,11.55583333
966,1,2017.0,9.0,21.0,2017-09-21,33.0,Seabrook Friendship Park C45,9.105
967,2,2017.0,9.0,22.0,2017-09-22,66.0,Northwest Harris Co. C26/A110/X154,11.80208333
968,3,2017.0,9.0,23.0,2017-09-23,65.0,Northwest Harris Co. C26/A110/X154,11.78958333
969,3,2017.0,9.0,24.0,2017-09-24,57.0,Northwest Harris Co. C26/A110/X154,9.2325
970,3,2017.0,9.0,25.0,2017-09-25,53.0,Northwest Harris Co. C26/A110/X154,6.745416667
971,3,2017.0,9.0,26.0,2017-09-26,54.0,Northwest Harris Co. C26/A110/X154,7.2575
972,3,2017.0,9.0,27.0,2017-09-27,63.0,Houston Westhollow C410/C3003,12.51666667
973,3,2017.0,9.0,28.0,2017-09-28,54.0,Manvel Croix Park C84,15.33333333
974,6,2017.0,9.0,29.0,2017-09-29,69.0,Manvel Croix Park C84,18.63958333
975,10,2017.0,9.0,30.0,2017-09-30,78.0,Manvel Croix Park C84,11.95208333
976,10,2018.0,6.0,1.0,2018-06-01,64.0,Conroe Relocated C78/A321,16.935
977,14,2018.0,6.0,2.0,2018-06-02,51.0,Conroe Relocated C78/A321,12.375
978,13,2018.0,6.0,3.0,2018-06-03,54.0,Houston Aldine C8/AF108/X150,10.79166667
979,12,2018.0,6.0,4.0,2018-06-04,63.0,Wallisville Road C617,11.75
980,15,2018.0,6.0,5.0,2018-06-05,48.0,Houston Aldine C8/AF108/X150,12.26458333
981,11,2018.0,6.0,6.0,2018-06-06,63.0,Conroe Relocated C78/A321,9.5625
982,11,2018.0,6.0,7.0,2018-06-07,67.0,Conroe Relocated C78/A321,9.119583333
983,14,2018.0,6.0,8.0,2018-06-08,73.0,Conroe Relocated C78/A321,7.995
984,12,2018.0,6.0,9.0,2018-06-09,43.0,Conroe Relocated C78/A321,12.375
985,0,2018.0,6.0,10.0,2018-06-10,28.0,Conroe Relocated C78/A321,25.06291667
986,2,2018.0,6.0,11.0,2018-06-11,36.0,Conroe Relocated C78/A321,16.19708333
987,2,2018.0,6.0,12.0,2018-06-12,49.0,Conroe Relocated C78/A321,10.63041667
988,6,2018.0,6.0,13.0,2018-06-13,59.0,Conroe Relocated C78/A321,8.922916667
989,5,2018.0,6.0,14.0,2018-06-14,47.0,Conroe Relocated C78/A321,8.19
990,1,2018.0,6.0,15.0,2018-06-15,46.0,Conroe Relocated C78/A321,8.083333333
991,3,2018.0,6.0,16.0,2018-06-16,38.0,Northwest Harris Co. C26/A110/X154,14.115
992,2,2018.0,6.0,17.0,2018-06-17,27.0,Houston Westhollow C410/C3003,8.0
993,1,2018.0,6.0,18.0,2018-06-18,29.0,Northwest Harris Co. C26/A110/X154,5.125
994,0,2018.0,6.0,19.0,2018-06-19,25.0,Galveston 99th St. C1034/A320/X183,12.29166667
995,2,2018.0,6.0,20.0,2018-06-20,23.0,Galveston 99th St. C1034/A320/X183,14.66666667
996,11,2018.0,6.0,21.0,2018-06-21,51.0,Conroe Relocated C78/A321,16.91666667
997,11,2018.0,6.0,22.0,2018-06-22,40.0,Houston Aldine C8/AF108/X150,18.69565217
998,7,2018.0,6.0,23.0,2018-06-23,37.0,Conroe Relocated C78/A321,12.0
999,2,2018.0,6.0,24.0,2018-06-24,31.0,Conroe Relocated C78/A321,9.0
1000,1,2018.0,6.0,25.0,2018-06-25,25.0,Conroe Relocated C78/A321,14.75
1001,0,2018.0,6.0,26.0,2018-06-26,50.0,Conroe Relocated C78/A321,13.33333333
1002,12,2018.0,6.0,27.0,2018-06-27,49.0,Conroe Relocated C78/A321,9.833333333
1003,8,2018.0,6.0,28.0,2018-06-28,43.0,Conroe Relocated C78/A321,15.41666667
1004,0,2018.0,6.0,29.0,2018-06-29,40.0,Conroe Relocated C78/A321,26.91666667
1005,0,2018.0,6.0,30.0,2018-06-30,36.0,Conroe Relocated C78/A321,37.75
1006,0,2018.0,7.0,1.0,2018-07-01,39.0,Conroe Relocated C78/A321,36.91666667
1007,12,2018.0,7.0,2.0,2018-07-02,56.0,Conroe Relocated C78/A321,23.26708333
1008,8,2018.0,7.0,3.0,2018-07-03,49.0,Channelview C15/AH115,23.45
1009,8,2018.0,7.0,4.0,2018-07-04,24.0,Houston Westhollow C410/C3003,50.57142857
1010,12,2018.0,7.0,5.0,2018-07-05,48.0,Lang C408,15.0
1011,12,2018.0,7.0,6.0,2018-07-06,59.0,Houston Croquet C409,14.13043478
1012,12,2018.0,7.0,7.0,2018-07-07,53.0,Houston Westhollow C410/C3003,11.0
1013,12,2018.0,7.0,8.0,2018-07-08,43.0,Conroe Relocated C78/A321,10.04166667
1014,12,2018.0,7.0,9.0,2018-07-09,30.0,Hou.DeerPrk2 C35/235/1001/AFH139FP239,18.42105263
1015,12,2018.0,7.0,10.0,2018-07-10,64.0,Houston Aldine C8/AF108/X150,21.4
1016,12,2018.0,7.0,11.0,2018-07-11,57.0,Wallisville Road C617,18.58375
1017,12,2018.0,7.0,12.0,2018-07-12,50.0,Conroe Relocated C78/A321,11.35375
1018,12,2018.0,7.0,13.0,2018-07-13,50.0,Conroe Relocated C78/A321,11.30333333
1019,12,2018.0,7.0,14.0,2018-07-14,39.0,Conroe Relocated C78/A321,11.32916667
1020,12,2018.0,7.0,15.0,2018-07-15,29.0,Houston Aldine C8/AF108/X150,27.35083333
1021,12,2018.0,7.0,16.0,2018-07-16,46.0,Houston Aldine C8/AF108/X150,34.44458333
1022,12,2018.0,7.0,17.0,2018-07-17,49.0,Wallisville Road C617,24.03125
1023,12,2018.0,7.0,18.0,2018-07-18,50.0,Wallisville Road C617,17.94625
1024,12,2018.0,7.0,19.0,2018-07-19,45.0,Houston Aldine C8/AF108/X150,17.89875
1025,12,2018.0,7.0,20.0,2018-07-20,56.0,Houston Aldine C8/AF108/X150,20.88458333
1026,12,2018.0,7.0,21.0,2018-07-21,48.0,Houston Aldine C8/AF108/X150,16.46291667
1027,12,2018.0,7.0,22.0,2018-07-22,52.0,Wallisville Road C617,19.95833333
1028,12,2018.0,7.0,23.0,2018-07-23,81.0,Wallisville Road C617,16.29208333
1029,12,2018.0,7.0,24.0,2018-07-24,73.0,Houston Croquet C409,12.375
1030,12,2018.0,7.0,25.0,2018-07-25,72.0,Park Place C416,16.41666667
1031,12,2018.0,7.0,26.0,2018-07-26,107.0,Galveston 99th St. C1034/A320/X183,18.23809524
1032,12,2018.0,7.0,27.0,2018-07-27,109.0,Houston Aldine C8/AF108/X150,19.20833333
1033,12,2018.0,7.0,28.0,2018-07-28,86.0,Houston Aldine C8/AF108/X150,14.58333333
1034,12,2018.0,7.0,29.0,2018-07-29,71.0,Wallisville Road C617,20.875
1035,12,2018.0,7.0,30.0,2018-07-30,64.0,Wallisville Road C617,18.51625
1036,13,2018.0,7.0,31.0,2018-07-31,49.0,Conroe Relocated C78/A321,10.5
1037,14,2018.0,8.0,1.0,2018-08-01,77.0,Lake Jackson C1016,12.625
1038,14,2018.0,8.0,2.0,2018-08-02,78.0,Manvel Croix Park C84,13.875
1039,13,2018.0,8.0,3.0,2018-08-03,76.0,Houston Westhollow C410/C3003,15.16333333
1040,8,2018.0,8.0,4.0,2018-08-04,42.0,Conroe Relocated C78/A321,9.1075
1041,8,2018.0,8.0,5.0,2018-08-05,58.0,Northwest Harris Co. C26/A110/X154,7.739166667
1042,12,2018.0,8.0,6.0,2018-08-06,45.0,Conroe Relocated C78/A321,6.964583333
1043,12,2018.0,8.0,7.0,2018-08-07,39.0,Conroe Relocated C78/A321,8.082916667
1044,8,2018.0,8.0,8.0,2018-08-08,39.0,Conroe Relocated C78/A321,9.736666667
1045,8,2018.0,8.0,9.0,2018-08-09,33.0,Conroe Relocated C78/A321,10.30041667
1046,12,2018.0,8.0,10.0,2018-08-10,43.0,Wallisville Road C617,14.04166667
1047,12,2018.0,8.0,11.0,2018-08-11,30.0,Conroe Relocated C78/A321,16.47
1048,8,2018.0,8.0,12.0,2018-08-12,23.0,Conroe Relocated C78/A321,32.91166667
1049,0,2018.0,8.0,13.0,2018-08-13,45.0,Conroe Relocated C78/A321,32.08291667
1050,0,2018.0,8.0,14.0,2018-08-14,46.0,Conroe Relocated C78/A321,26.785
1051,0,2018.0,8.0,15.0,2018-08-15,45.0,Conroe Relocated C78/A321,16.30166667
1052,12,2018.0,8.0,16.0,2018-08-16,40.0,Conroe Relocated C78/A321,13.75375
1053,12,2018.0,8.0,17.0,2018-08-17,43.0,Conroe Relocated C78/A321,13.95
1054,12,2018.0,8.0,18.0,2018-08-18,38.0,Wallisville Road C617,10.92708333
1055,12,2018.0,8.0,19.0,2018-08-19,33.0,Conroe Relocated C78/A321,6.865
1056,15,2018.0,8.0,20.0,2018-08-20,36.0,Wallisville Road C617,12.02541667
1057,12,2018.0,8.0,21.0,2018-08-21,50.0,Wallisville Road C617,9.519166667
1058,12,2018.0,8.0,22.0,2018-08-22,73.0,Galveston 99th St. C1034/A320/X183,11.11666667
1059,12,2018.0,8.0,23.0,2018-08-23,99.0,Clinton C403/C304/AH113,16.48541667
1060,12,2018.0,8.0,24.0,2018-08-24,91.0,Houston Aldine C8/AF108/X150,18.57291667
1061,4,2018.0,8.0,25.0,2018-08-25,77.0,Northwest Harris Co. C26/A110/X154,15.42583333
1062,12,2018.0,8.0,26.0,2018-08-26,55.0,Houston Aldine C8/AF108/X150,12.24458333
1063,12,2018.0,8.0,27.0,2018-08-27,48.0,Conroe Relocated C78/A321,7.69125
1064,0,2018.0,8.0,28.0,2018-08-28,40.0,Conroe Relocated C78/A321,6.762083333
1065,8,2018.0,8.0,29.0,2018-08-29,40.0,Conroe Relocated C78/A321,7.0725
1066,12,2018.0,8.0,30.0,2018-08-30,55.0,Northwest Harris Co. C26/A110/X154,5.791666667
1067,13,2018.0,8.0,31.0,2018-08-31,65.0,Houston Westhollow C410/C3003,7.500833333
1068,1,2018.0,9.0,1.0,2018-09-01,55.0,Houston Westhollow C410/C3003,5.757083333
1069,1,2018.0,9.0,2.0,2018-09-02,29.0,Wallisville Road C617,6.0
1070,1,2018.0,9.0,3.0,2018-09-03,28.0,Galveston 99th St. C1034/A320/X183,5.0
1071,1,2018.0,9.0,4.0,2018-09-04,35.0,Northwest Harris Co. C26/A110/X154,6.583333333
1072,1,2018.0,9.0,5.0,2018-09-05,48.0,Northwest Harris Co. C26/A110/X154,7.625
1073,8,2018.0,9.0,6.0,2018-09-06,48.0,Conroe Relocated C78/A321,8.910833333
1074,8,2018.0,9.0,7.0,2018-09-07,37.0,Conroe Relocated C78/A321,12.925
1075,10,2018.0,9.0,8.0,2018-09-08,34.0,Conroe Relocated C78/A321,11.34708333
1076,7,2018.0,9.0,9.0,2018-09-09,38.0,Wallisville Road C617,7.125416667
1077,7,2018.0,9.0,10.0,2018-09-10,30.0,Wallisville Road C617,7.166666667
1078,7,2018.0,9.0,11.0,2018-09-11,29.0,Galveston 99th St. C1034/A320/X183,6.791666667
1079,6,2018.0,9.0,12.0,2018-09-12,40.0,Northwest Harris Co. C26/A110/X154,6.04875
1080,5,2018.0,9.0,13.0,2018-09-13,32.0,Galveston 99th St. C1034/A320/X183,6.375
1081,5,2018.0,9.0,14.0,2018-09-14,27.0,Galveston 99th St. C1034/A320/X183,5.375
1082,5,2018.0,9.0,15.0,2018-09-15,43.0,Northwest Harris Co. C26/A110/X154,6.833333333
1083,5,2018.0,9.0,16.0,2018-09-16,73.0,Wallisville Road C617,10.41666667
1084,10,2018.0,9.0,17.0,2018-09-17,88.0,Hou.DeerPrk2 C35/235/1001/AFH139FP239,9.588333333
1085,5,2018.0,9.0,18.0,2018-09-18,89.0,Hou.DeerPrk2 C35/235/1001/AFH139FP239,10.91666667
1086,1,2018.0,9.0,19.0,2018-09-19,71.0,Houston Aldine C8/AF108/X150,9.302916667
1087,2,2018.0,9.0,20.0,2018-09-20,43.0,Conroe Relocated C78/A321,9.157727273
1088,0,2018.0,9.0,21.0,2018-09-21,24.0,Conroe Relocated C78/A321,6.70375
1089,13,2018.0,9.0,22.0,2018-09-22,22.0,Wallisville Road C617,6.541666667
1090,10,2018.0,9.0,23.0,2018-09-23,53.0,Wallisville Road C617,5.382083333
1091,2,2018.0,9.0,24.0,2018-09-24,60.0,Wallisville Road C617,9.74125
1092,2,2018.0,9.0,25.0,2018-09-25,42.0,Conroe Relocated C78/A321,8.076666667
1093,0,2018.0,9.0,26.0,2018-09-26,29.0,Wallisville Road C617,8.625
1094,15,2018.0,9.0,27.0,2018-09-27,34.0,Lake Jackson C1016,7.25
1095,11,2018.0,9.0,28.0,2018-09-28,40.0,Houston Westhollow C410/C3003,14.91666667
1096,0,2018.0,9.0,29.0,2018-09-29,28.0,Galveston 99th St. C1034/A320/X183,10.75
1097,0,2018.0,9.0,30.0,2018-09-30,35.0,Northwest Harris Co. C26/A110/X154,7.583333333
1098,7,2019.0,6.0,1.0,2019-06-01,81.0,Houston Aldine C8/AF108/X150,10.04166667
1099,7,2019.0,6.0,2.0,2019-06-02,53.0,Wallisville Road C617,8.005
1100,3,2019.0,6.0,3.0,2019-06-03,72.0,Houston Aldine C8/AF108/X150,8.859583333
1101,2,2019.0,6.0,4.0,2019-06-04,51.0,Conroe Relocated C78/A321,6.652173913
1102,2,2019.0,6.0,5.0,2019-06-05,25.0,Galveston 99th St. C1034/A320/X183,4.125
1103,3,2019.0,6.0,6.0,2019-06-06,65.0,Wallisville Road C617,6.712916667
1104,7,2019.0,6.0,7.0,2019-06-07,59.0,Houston Aldine C8/AF108/X150,9.665416667
1105,7,2019.0,6.0,8.0,2019-06-08,81.0,Galveston 99th St. C1034/A320/X183,9.126666667
1106,11,2019.0,6.0,9.0,2019-06-09,92.0,Clinton C403/C304/AH113,14.82041667
1107,12,2019.0,6.0,10.0,2019-06-10,63.0,Lake Jackson C1016,12.31916667
1108,12,2019.0,6.0,11.0,2019-06-11,83.0,Houston Croquet C409,10.36625
1109,15,2019.0,6.0,12.0,2019-06-12,91.0,Houston Bayland Park C53/A146,12.42875
1110,15,2019.0,6.0,13.0,2019-06-13,81.0,Galveston 99th St. C1034/A320/X183,12.58333333
1111,15,2019.0,6.0,14.0,2019-06-14,83.0,Conroe Relocated C78/A321,16.23625
1112,0,2019.0,6.0,15.0,2019-06-15,28.0,Conroe Relocated C78/A321,12.77625
1113,1,2019.0,6.0,16.0,2019-06-16,45.0,Galveston 99th St. C1034/A320/X183,14.75
1114,2,2019.0,6.0,17.0,2019-06-17,81.0,Houston Aldine C8/AF108/X150,8.045416667
1115,11,2019.0,6.0,18.0,2019-06-18,61.0,Houston Aldine C8/AF108/X150,10.31
1116,15,2019.0,6.0,19.0,2019-06-19,36.0,Conroe Relocated C78/A321,11.825
1117,11,2019.0,6.0,20.0,2019-06-20,27.0,Conroe Relocated C78/A321,16.64625
1118,0,2019.0,6.0,21.0,2019-06-21,32.0,Conroe Relocated C78/A321,19.16625
1119,0,2019.0,6.0,22.0,2019-06-22,29.0,Conroe Relocated C78/A321,19.66666667
1120,0,2019.0,6.0,23.0,2019-06-23,31.0,Conroe Relocated C78/A321,20.25
1121,0,2019.0,6.0,24.0,2019-06-24,55.0,Conroe Relocated C78/A321,13.95833333
1122,1,2019.0,6.0,25.0,2019-06-25,33.0,Conroe Relocated C78/A321,13.47619048
1123,0,2019.0,6.0,26.0,2019-06-26,26.0,Conroe Relocated C78/A321,20.58857143
1124,12,2019.0,6.0,27.0,2019-06-27,32.0,Conroe Relocated C78/A321,18.205625
1125,12,2019.0,6.0,28.0,2019-06-28,55.0,Houston Aldine C8/AF108/X150,21.90916667
1126,12,2019.0,6.0,29.0,2019-06-29,40.0,Galveston 99th St. C1034/A320/X183,16.83916667
1127,12,2019.0,6.0,30.0,2019-06-30,58.0,Channelview C15/AH115,12.35333333
1128,12,2019.0,7.0,1.0,2019-07-01,56.0,Conroe Relocated C78/A321,13.73041667
1129,0,2019.0,7.0,2.0,2019-07-02,35.0,Conroe Relocated C78/A321,8.353333333
1130,0,2019.0,7.0,3.0,2019-07-03,43.0,Conroe Relocated C78/A321,11.72458333
1131,0,2019.0,7.0,4.0,2019-07-04,31.0,Conroe Relocated C78/A321,18.39791667
1132,8,2019.0,7.0,5.0,2019-07-05,47.0,Conroe Relocated C78/A321,12.11083333
1133,12,2019.0,7.0,6.0,2019-07-06,61.0,Channelview C15/AH115,15.80958333
1134,12,2019.0,7.0,7.0,2019-07-07,50.0,Wallisville Road C617,13.08458333
1135,12,2019.0,7.0,8.0,2019-07-08,39.0,Conroe Relocated C78/A321,11.50625
1136,13,2019.0,7.0,9.0,2019-07-09,48.0,Conroe Relocated C78/A321,13.00791667
1137,12,2019.0,7.0,10.0,2019-07-10,66.0,Houston Aldine C8/AF108/X150,13.46125
1138,12,2019.0,7.0,11.0,2019-07-11,66.0,Galveston 99th St. C1034/A320/X183,13.25
1139,14,2019.0,7.0,12.0,2019-07-12,60.0,Lake Jackson C1016,12.20833333
1140,10,2019.0,7.0,13.0,2019-07-13,45.0,Galveston 99th St. C1034/A320/X183,9.5
1141,14,2019.0,7.0,14.0,2019-07-14,41.0,Channelview C15/AH115,10.83333333
1142,12,2019.0,7.0,15.0,2019-07-15,30.0,Conroe Relocated C78/A321,18.20958333
1143,12,2019.0,7.0,16.0,2019-07-16,35.0,Conroe Relocated C78/A321,9.278
1144,12,2019.0,7.0,17.0,2019-07-17,30.0,Houston Aldine C8/AF108/X150,12.18041667
1145,12,2019.0,7.0,18.0,2019-07-18,43.0,Conroe Relocated C78/A321,9.855416667
1146,8,2019.0,7.0,19.0,2019-07-19,44.0,Conroe Relocated C78/A321,11.19166667
1147,8,2019.0,7.0,20.0,2019-07-20,43.0,Conroe Relocated C78/A321,9.101666667
1148,4,2019.0,7.0,21.0,2019-07-21,33.0,Houston Aldine C8/AF108/X150,10.92272727
1149,13,2019.0,7.0,22.0,2019-07-22,36.0,Houston Aldine C8/AF108/X150,13.94
1150,13,2019.0,7.0,23.0,2019-07-23,47.0,Lake Jackson C1016,9.935833333
1151,13,2019.0,7.0,24.0,2019-07-24,60.0,Houston Bayland Park C53/A146,9.388333333
1152,13,2019.0,7.0,25.0,2019-07-25,79.0,Manvel Croix Park C84,13.13458333
1153,12,2019.0,7.0,26.0,2019-07-26,76.0,Houston Westhollow C410/C3003,11.88416667
1154,12,2019.0,7.0,27.0,2019-07-27,64.0,Houston Westhollow C410/C3003,7.208333333
1155,12,2019.0,7.0,28.0,2019-07-28,29.0,Conroe Relocated C78/A321,15.66666667
1156,12,2019.0,7.0,29.0,2019-07-29,28.0,Conroe Relocated C78/A321,13.75173913
1157,12,2019.0,7.0,30.0,2019-07-30,36.0,Wallisville Road C617,12.34375
1158,12,2019.0,7.0,31.0,2019-07-31,56.0,Lang C408,12.05666667
1159,12,2019.0,8.0,1.0,2019-08-01,73.0,Houston Bayland Park C53/A146,11.28714286
1160,12,2019.0,8.0,2.0,2019-08-02,70.0,Park Place C416,9.525416667
1161,13,2019.0,8.0,3.0,2019-08-03,64.0,Hou.DeerPrk2 C35/235/1001/AFH139FP239,10.09583333
1162,13,2019.0,8.0,4.0,2019-08-04,50.0,Houston Aldine C8/AF108/X150,9.682916667
1163,13,2019.0,8.0,5.0,2019-08-05,60.0,Houston Aldine C8/AF108/X150,7.690416667
1164,12,2019.0,8.0,6.0,2019-08-06,47.0,Conroe Relocated C78/A321,9.470416667
1165,13,2019.0,8.0,7.0,2019-08-07,39.0,Conroe Relocated C78/A321,13.2175
1166,13,2019.0,8.0,8.0,2019-08-08,38.0,Houston Aldine C8/AF108/X150,13.08375
1167,12,2019.0,8.0,9.0,2019-08-09,44.0,Conroe Relocated C78/A321,12.27958333
1168,12,2019.0,8.0,10.0,2019-08-10,39.0,Conroe Relocated C78/A321,12.13833333
1169,12,2019.0,8.0,11.0,2019-08-11,36.0,Houston Aldine C8/AF108/X150,10.68
1170,12,2019.0,8.0,12.0,2019-08-12,47.0,Conroe Relocated C78/A321,9.084166667
1171,12,2019.0,8.0,13.0,2019-08-13,51.0,Houston Aldine C8/AF108/X150,9.528333333
1172,12,2019.0,8.0,14.0,2019-08-14,59.0,Hou.DeerPrk2 C35/235/1001/AFH139FP239,10.71666667
1173,12,2019.0,8.0,15.0,2019-08-15,107.0,Hou.DeerPrk2 C35/235/1001/AFH139FP239,15.8525
1174,12,2019.0,8.0,16.0,2019-08-16,68.0,Houston Aldine C8/AF108/X150,13.34375
1175,12,2019.0,8.0,17.0,2019-08-17,34.0,Conroe Relocated C78/A321,9.52125
1176,0,2019.0,8.0,18.0,2019-08-18,29.0,Conroe Relocated C78/A321,10.27875
1177,8,2019.0,8.0,19.0,2019-08-19,45.0,Conroe Relocated C78/A321,20.20833333
1178,12,2019.0,8.0,20.0,2019-08-20,35.0,Conroe Relocated C78/A321,23.06291667
1179,12,2019.0,8.0,21.0,2019-08-21,40.0,Conroe Relocated C78/A321,20.80458333
1180,8,2019.0,8.0,22.0,2019-08-22,50.0,Northwest Harris Co. C26/A110/X154,12.13208333
1181,0,2019.0,8.0,23.0,2019-08-23,31.0,Houston Westhollow C410/C3003,5.99625
1182,0,2019.0,8.0,24.0,2019-08-24,49.0,Houston Bayland Park C53/A146,6.653333333
1183,13,2019.0,8.0,25.0,2019-08-25,32.0,Wallisville Road C617,8.119583333
1184,15,2019.0,8.0,26.0,2019-08-26,37.0,Conroe Relocated C78/A321,14.59791667
1185,15,2019.0,8.0,27.0,2019-08-27,48.0,Conroe Relocated C78/A321,9.940416667
1186,13,2019.0,8.0,28.0,2019-08-28,49.0,Park Place C416,11.06608696
1187,12,2019.0,8.0,29.0,2019-08-29,70.0,Northwest Harris Co. C26/A110/X154,13.66958333
1188,12,2019.0,8.0,30.0,2019-08-30,54.0,Northwest Harris Co. C26/A110/X154,10.2075
1189,12,2019.0,8.0,31.0,2019-08-31,76.0,Houston Bayland Park C53/A146,13.20833333
1190,13,2019.0,9.0,1.0,2019-09-01,64.0,Galveston 99th St. C1034/A320/X183,13.20833333
1191,13,2019.0,9.0,2.0,2019-09-02,45.0,Galveston 99th St. C1034/A320/X183,10.60541667
1192,13,2019.0,9.0,3.0,2019-09-03,50.0,Houston Bayland Park C53/A146,11.36125
1193,9,2019.0,9.0,4.0,2019-09-04,68.0,Houston Bayland Park C53/A146,13.43083333
1194,12,2019.0,9.0,5.0,2019-09-05,93.0,Houston Aldine C8/AF108/X150,13.751875
1195,12,2019.0,9.0,6.0,2019-09-06,85.0,Houston Aldine C8/AF108/X150,12.535
1196,12,2019.0,9.0,7.0,2019-09-07,68.0,Wallisville Road C617,9.292916667
1197,12,2019.0,9.0,8.0,2019-09-08,58.0,Conroe Relocated C78/A321,6.81
1198,0,2019.0,9.0,9.0,2019-09-09,63.0,Conroe Relocated C78/A321,14.34541667
1199,0,2019.0,9.0,10.0,2019-09-10,50.0,Houston Bayland Park C53/A146,12.54416667
1200,0,2019.0,9.0,11.0,2019-09-11,46.0,Northwest Harris Co. C26/A110/X154,8.847916667
1201,8,2019.0,9.0,12.0,2019-09-12,58.0,Northwest Harris Co. C26/A110/X154,8.457083333
1202,8,2019.0,9.0,13.0,2019-09-13,69.0,Houston Bayland Park C53/A146,16.25208333
1203,12,2019.0,9.0,14.0,2019-09-14,65.0,Houston Bayland Park C53/A146,17.22208333
1204,12,2019.0,9.0,15.0,2019-09-15,57.0,Houston Bayland Park C53/A146,11.895
1205,8,2019.0,9.0,16.0,2019-09-16,42.0,Galveston 99th St. C1034/A320/X183,12.92478261
1206,0,2019.0,9.0,17.0,2019-09-17,40.0,Galveston 99th St. C1034/A320/X183,4.41
1207,0,2019.0,9.0,18.0,2019-09-18,39.0,Galveston 99th St. C1034/A320/X183,5.742083333
1208,4,2019.0,9.0,19.0,2019-09-19,31.0,Houston Bayland Park C53/A146,5.750625
1209,1,2019.0,9.0,20.0,2019-09-20,43.0,Galveston 99th St. C1034/A320/X183,8.309583333
1210,0,2019.0,9.0,21.0,2019-09-21,43.0,Northwest Harris Co. C26/A110/X154,6.821666667
1211,0,2019.0,9.0,22.0,2019-09-22,39.0,Conroe Relocated C78/A321,6.375
1212,13,2019.0,9.0,23.0,2019-09-23,42.0,Northwest Harris Co. C26/A110/X154,6.572083333
1213,13,2019.0,9.0,24.0,2019-09-24,65.0,Northwest Harris Co. C26/A110/X154,7.208333333
1214,6,2019.0,9.0,25.0,2019-09-25,62.0,Conroe Relocated C78/A321,8.951666667
1215,11,2019.0,9.0,26.0,2019-09-26,73.0,Northwest Harris Co. C26/A110/X154,10.59
1216,7,2019.0,9.0,27.0,2019-09-27,39.0,Conroe Relocated C78/A321,9.208333333
1217,3,2019.0,9.0,28.0,2019-09-28,46.0,Conroe Relocated C78/A321,8.522083333
1218,2,2019.0,9.0,29.0,2019-09-29,43.0,Houston Aldine C8/AF108/X150,8.024166667
1219,0,2019.0,9.0,30.0,2019-09-30,36.0,Conroe Relocated C78/A321,8.235
1220,cluster,,,,,,,
